Time,Voltage,error
5.1e-07,0.010981818181818183,0.0008412112479254921
5.12e-07,0.010854545454545455,0.0007698878312632775
5.14e-07,0.010981818181818183,0.0007507571935295482
5.16e-07,0.010745454545454546,0.0007047888142750795
5.18e-07,0.010909090909090908,0.0007231245334719953
5.2e-07,0.010945454545454545,0.000988295134424567
5.22e-07,0.010745454545454546,0.0010624157720625538
5.24e-07,0.0106,0.001099090533122727
5.26e-07,0.010545454545454545,0.0010736513739232458
5.28e-07,0.010818181818181819,0.0007871698442117581
5.3e-07,0.010672727272727275,0.0009392453450413362
5.32e-07,0.01069090909090909,0.0010894535744624878
5.34e-07,0.01058181818181818,0.0010897873020164824
5.36e-07,0.0104,0.0008579044235810889
5.38e-07,0.01041818181818182,0.0009097452190785967
5.4e-07,0.010672727272727271,0.0009561285573508501
5.42e-07,0.010636363636363637,0.0009542250544528032
5.44e-07,0.010636363636363637,0.0009625723113332599
5.46e-07,0.010745454545454546,0.0009427233277729331
5.48e-07,0.011,0.00103150375665821
5.5e-07,0.01081818181818182,0.0011258935845080403
5.52e-07,0.010636363636363638,0.0009373075560057408
5.54e-07,0.010763636363636362,0.0006859631583003966
5.56e-07,0.010690909090909091,0.0007502726777039735
5.58e-07,0.0106,0.000651152823843988
5.6e-07,0.010945454545454545,0.0008442317648177382
5.62e-07,0.011036363636363636,0.000747358986395062
5.64e-07,0.010927272727272728,0.0009434944717282761
5.66e-07,0.010818181818181817,0.001227858446090739
5.68e-07,0.010818181818181819,0.0012375929717141916
5.7e-07,0.01069090909090909,0.0011571123933780555
5.72e-07,0.010727272727272726,0.0008210857556807439
5.74e-07,0.010654545454545456,0.0006266795614405122
5.76e-07,0.010581818181818182,0.0008364426840115008
5.78e-07,0.010436363636363636,0.0008617107719794704
5.8e-07,0.010545454545454545,0.0009212639538847008
5.82e-07,0.010454545454545454,0.0009081449623971235
5.84e-07,0.010345454545454545,0.0009678467196448375
5.86e-07,0.010563636363636362,0.0013908793817385655
5.88e-07,0.010363636363636363,0.001364751059550955
5.9e-07,0.010290909090909088,0.0012628971022649038
5.92e-07,0.010254545454545455,0.0012069495733986874
5.94e-07,0.010272727272727272,0.0011942285452047356
5.96e-07,0.01049090909090909,0.0011076592846670362
5.98e-07,0.010327272727272725,0.0010668560437949528
6e-07,0.010381818181818181,0.0010371289040598396
6.02e-07,0.010272727272727274,0.0011773622289600674
6.04e-07,0.01030909090909091,0.0012565464937315655
6.06e-07,0.010327272727272727,0.0010130063268222061
6.08e-07,0.010145454545454546,0.001024073860972573
6.1e-07,0.010127272727272728,0.0013602138869243388
6.12e-07,0.010072727272727273,0.0010286796479865915
6.14e-07,0.010127272727272728,0.0008259429872465885
6.16e-07,0.010036363636363635,0.0007839294959021858
6.18e-07,0.010145454545454544,0.0008250619811427942
6.2e-07,0.01,0.0009380831519646858
6.22e-07,0.010199999999999999,0.0006633249580710801
6.24e-07,0.01029090909090909,0.0006891364820622189
6.26e-07,0.010236363636363637,0.0010763574938399672
6.28e-07,0.010145454545454546,0.0012902431060568674
6.3e-07,0.009945454545454544,0.001403113421191342
6.32e-07,0.010072727272727273,0.0012498727207927286
6.34e-07,0.010036363636363637,0.000991234308599866
6.36e-07,0.010036363636363637,0.0011164880001797845
6.38e-07,0.010072727272727273,0.0010130063268222063
6.4e-07,0.010036363636363637,0.0007579877667518485
6.42e-07,0.010163636363636363,0.0009952615005843712
6.44e-07,0.010181818181818183,0.0010293864015210048
6.46e-07,0.009981818181818182,0.0010637839835400623
6.48e-07,0.009945454545454544,0.0008153080845467394
6.5e-07,0.010054545454545453,0.0007541400882642911
6.52e-07,0.01,0.000959166304662544
6.54e-07,0.009927272727272727,0.0010555481126797671
6.56e-07,0.009781818181818181,0.0011043714790034934
6.58e-07,0.009727272727272727,0.0014346364759693722
6.6e-07,0.009818181818181816,0.0012631850076834999
6.62e-07,0.0098,0.0009507891459203772
6.64e-07,0.009690909090909092,0.0011220111812763236
6.66e-07,0.009763636363636365,0.0013078782261913588
6.68e-07,0.009781818181818181,0.0011258935845080403
6.7e-07,0.009672727272727272,0.001170547657373171
6.72e-07,0.009672727272727274,0.0014457461112456153
6.74e-07,0.009618181818181819,0.0015164551967125058
6.76e-07,0.009654545454545454,0.0013239060664289113
6.78e-07,0.009745454545454545,0.0013208812485334452
6.8e-07,0.00969090909090909,0.0012469599395766853
6.82e-07,0.009545454545454544,0.001092120539467724
6.84e-07,0.009363636363636364,0.0011621297064206967
6.86e-07,0.009436363636363637,0.0011271847472998624
6.88e-07,0.009600000000000001,0.0011627553482998908
6.9e-07,0.009563636363636363,0.0012027241805773487
6.92e-07,0.009527272727272726,0.0011037127426019044
6.94e-07,0.009345454545454546,0.0011868981728553095
6.96e-07,0.009363636363636364,0.0010984286297003798
6.98e-07,0.009454545454545453,0.001145743109395502
7e-07,0.009418181818181819,0.0011677484162422845
7.02e-07,0.009418181818181819,0.0009484916254961685
7.04e-07,0.00929090909090909,0.0007286350876186863
7.06e-07,0.009236363636363636,0.0007788102814841716
7.08e-07,0.009181818181818182,0.0009357544355419126
7.1e-07,0.009109090909090909,0.0009771945000403408
7.12e-07,0.009218181818181818,0.0009314700014688415
7.14e-07,0.009327272727272727,0.0009809086696435188
7.16e-07,0.009563636363636364,0.0007890154970249028
7.18e-07,0.00929090909090909,0.0007660999222745629
7.2e-07,0.00938181818181818,0.0008738628975053029
7.22e-07,0.009327272727272727,0.0009263810329350542
7.24e-07,0.009309090909090907,0.0007006490497453709
7.26e-07,0.009218181818181818,0.0009097452190785962
7.28e-07,0.009145454545454545,0.001008328950654137
7.3e-07,0.009436363636363637,0.0007089044043772435
7.32e-07,0.009218181818181818,0.0007400245696166876
7.34e-07,0.009181818181818182,0.0009271657692324299
7.36e-07,0.0092,0.0009959919678390987
7.38e-07,0.008981818181818183,0.0009097452190785967
7.4e-07,0.008981818181818181,0.0009141314804973973
7.42e-07,0.008963636363636365,0.0010151578471082488
7.44e-07,0.009072727272727272,0.0009930668749796353
7.46e-07,0.009272727272727273,0.0008210857556807435
7.48e-07,0.009127272727272727,0.0009477245476307018
7.5e-07,0.009181818181818182,0.0011294407304663508
7.52e-07,0.00890909090909091,0.0011255705623856246
7.54e-07,0.008872727272727273,0.0009392453450413358
7.56e-07,0.008909090909090908,0.0009565088033620449
7.58e-07,0.009236363636363636,0.001046205264059331
7.6e-07,0.009072727272727272,0.0009644593398281848
7.62e-07,0.008963636363636365,0.0011200649331826503
7.64e-07,0.00901818181818182,0.0012913699561459386
7.66e-07,0.008836363636363635,0.0012355344813259784
7.68e-07,0.008836363636363635,0.0012419925340135722
7.7e-07,0.008818181818181819,0.0013037010254028202
7.72e-07,0.009127272727272727,0.0011875107655014408
7.74e-07,0.008872727272727273,0.0011636931804310869
7.76e-07,0.008509090909090909,0.0011255705623856242
7.78e-07,0.008763636363636364,0.00109842862970038
7.8e-07,0.008963636363636363,0.001072634818820205
7.82e-07,0.008836363636363635,0.0011164880001797845
7.84e-07,0.008745454545454544,0.001054858887589839
7.86e-07,0.0088,0.0010620734437881403
7.88e-07,0.008490909090909092,0.0010094102688744013
7.9e-07,0.008745454545454546,0.0008250619811427943
7.92e-07,0.00889090909090909,0.001074666967441119
7.94e-07,0.008763636363636364,0.0012126604860988317
7.96e-07,0.008836363636363635,0.0011200649331826501
7.98e-07,0.008745454545454544,0.0010357254813546262
8e-07,0.00869090909090909,0.001201211509647277
8.02e-07,0.008472727272727274,0.0012402345819165898
8.04e-07,0.008272727272727272,0.0011807547663176372
8.06e-07,0.008363636363636363,0.001134259870816849
8.08e-07,0.008599999999999998,0.0010392304845413263
8.1e-07,0.00870909090909091,0.0010251385715643964
8.12e-07,0.008636363636363638,0.0012060453783110546
8.14e-07,0.008509090909090909,0.001184444633956814
8.16e-07,0.008527272727272727,0.0011498616517572095
8.18e-07,0.00849090909090909,0.0010558925565175136
8.2e-07,0.008563636363636364,0.0012225160344737627
8.22e-07,0.008327272727272727,0.0011216870411045222
8.24e-07,0.008290909090909092,0.0011708582710597772
8.26e-07,0.008254545454545455,0.0010510600709413673
8.28e-07,0.00818181818181818,0.0011400159488517535
8.3e-07,0.008327272727272727,0.001207551993986933
8.32e-07,0.008272727272727272,0.001121687041104522
8.34e-07,0.008072727272727273,0.0011181152973561439
8.36e-07,0.008090909090909091,0.0010634420957010735
8.38e-07,0.008054545454545455,0.0009678467196448375
8.4e-07,0.007909090909090909,0.0010520974721522198
8.42e-07,0.00789090909090909,0.0011536503330338405
8.44e-07,0.007836363636363634,0.0010800673379680796
8.46e-07,0.007945454545454545,0.0011733402203654628
8.48e-07,0.007800000000000001,0.0009959919678390987
8.5e-07,0.007763636363636364,0.0010538242047635148
8.52e-07,0.007690909090909092,0.001129118723123964
8.54e-07,0.007490909090909091,0.0009974512975123603
8.56e-07,0.007600000000000001,0.0012521980673998823
8.58e-07,0.007854545454545454,0.0012428705776255519
8.6e-07,0.007854545454545454,0.0013478602571213652
8.62e-07,0.007745454545454547,0.001422929117253306
8.64e-07,0.007709090909090909,0.001392447159108413
8.66e-07,0.007727272727272728,0.001383539597619749
8.68e-07,0.007618181818181818,0.0011948373795778082
8.7e-07,0.00770909090909091,0.0010931189738125906
8.72e-07,0.0076363636363636364,0.001182601139245796
8.74e-07,0.0075818181818181835,0.001256835853895155
8.76e-07,0.0078000000000000005,0.0012743625857659193
8.78e-07,0.008054545454545455,0.0012069495733986872
8.8e-07,0.007945454545454545,0.0012620329919329656
8.82e-07,0.007909090909090909,0.0012879864482629817
8.84e-07,0.00769090909090909,0.001150177851859916
8.86e-07,0.007745454545454545,0.0009595453468842797
8.88e-07,0.007781818181818182,0.0011007435503496551
8.9e-07,0.007727272727272729,0.0013153637588826212
8.92e-07,0.007981818181818182,0.0012913699561459388
8.94e-07,0.007872727272727274,0.0010668560437949526
8.96e-07,0.007763636363636364,0.0009790533461183075
8.98e-07,0.007745454545454544,0.0008629758239529498
9e-07,0.007763636363636364,0.0010112098963842545
9.02e-07,0.007872727272727274,0.0010441177223770406
9.04e-07,0.007854545454545454,0.0011030536128073163
9.06e-07,0.007672727272727273,0.0010169473035422326
9.08e-07,0.007527272727272727,0.0009727187765134474
9.1e-07,0.007581818181818182,0.0009897658125215094
9.12e-07,0.007618181818181818,0.0012504544628399563
9.14e-07,0.007581818181818182,0.0013459704170732593
9.16e-07,0.007654545454545455,0.0013713961035117725
9.18e-07,0.0076545454545454555,0.0011457431093955016
9.2e-07,0.007599999999999999,0.001141928193889616
9.22e-07,0.007509090909090909,0.0010857758014015096
9.24e-07,0.007545454545454544,0.0011387393348467737
9.26e-07,0.007654545454545455,0.0012003029920512876
9.28e-07,0.0075636363636363635,0.0011271847472998624
9.3e-07,0.007472727272727272,0.0009089454429072289
9.32e-07,0.007581818181818182,0.0008022695081058257
9.34e-07,0.0075818181818181835,0.0010058013539642723
9.36e-07,0.007690909090909092,0.0012210278829367864
9.38e-07,0.007581818181818182,0.0010371289040598394
9.4e-07,0.0076545454545454555,0.0010586440727304303
9.42e-07,0.007490909090909091,0.0012210278829367866
9.44e-07,0.007599999999999999,0.0012649110640673518
9.46e-07,0.007599999999999999,0.0011798304963002101
9.48e-07,0.007345454545454545,0.001031856226771575
9.5e-07,0.007236363636363635,0.0011200649331826501
9.52e-07,0.007145454545454547,0.0010736513739232456
9.54e-07,0.007109090909090909,0.0010967721235102081
9.56e-07,0.0071090909090909095,0.0010746669674411187
9.58e-07,0.0069454545454545455,0.0010043541570219508
9.6e-07,0.0068727272727272725,0.0010090499582190262
9.62e-07,0.007072727272727273,0.0009089454429072288
9.64e-07,0.007200000000000001,0.0009252026804976302
9.66e-07,0.007018181818181818,0.0009897658125215096
9.68e-07,0.006981818181818183,0.001122335227833629
9.7e-07,0.007054545454545455,0.0007954415583355404
9.72e-07,0.006963636363636363,0.0008237387052612341
9.74e-07,0.00689090909090909,0.0009771945000403403
9.76e-07,0.007072727272727272,0.0009890307468333923
9.78e-07,0.00701818181818182,0.0009568888982720842
9.8e-07,0.0068000000000000005,0.0008988882021697695
9.82e-07,0.006781818181818181,0.0011223352278336293
9.84e-07,0.006745454545454546,0.0009923342545368839
9.86e-07,0.0070181818181818175,0.001160877411114698
9.88e-07,0.006854545454545454,0.0010736513739232454
9.9e-07,0.006763636363636364,0.0007579877667518483
9.92e-07,0.006836363636363635,0.0006313045655984555
9.94e-07,0.0066363636363636356,0.0008381798461818648
9.96e-07,0.0068000000000000005,0.0009380831519646858
9.98e-07,0.007036363636363636,0.0008800826407477056
1e-06,0.006963636363636364,0.000763246653805606
1.002e-06,0.006727272727272727,0.0009685978619539782
1.004e-06,0.006727272727272727,0.0010555481126797671
1.006e-06,0.0068,0.0009591663046625442
1.008e-06,0.006763636363636364,0.0007684695534277557
1.01e-06,0.006963636363636364,0.0007526921379591091
1.012e-06,0.006981818181818183,0.0008874887963441362
1.014e-06,0.006927272727272726,0.0009133355452306773
1.016e-06,0.006927272727272726,0.0008210857556807438
1.018e-06,0.007000000000000001,0.0009757048734120378
1.02e-06,0.006818181818181818,0.0008919845086302585
1.022e-06,0.006890909090909092,0.0006774282920790147
1.024e-06,0.0068000000000000005,0.0008342661445845686
1.026e-06,0.006581818181818183,0.000836442684011501
1.028e-06,0.006690909090909091,0.0007341042779531332
1.03e-06,0.006709090909090909,0.0007231245334719953
1.032e-06,0.006945454545454546,0.0009842394387176694
1.034e-06,0.00689090909090909,0.0009093454189190657
1.036e-06,0.006872727272727274,0.0006341780650431062
1.038e-06,0.006854545454545455,0.0006990903180042424
1.04e-06,0.006854545454545455,0.0006072291764459881
1.042e-06,0.006854545454545454,0.00043900714427816867
1.044e-06,0.006909090909090909,0.00041341152730552995
1.046e-06,0.006854545454545455,0.0003474583035808366
1.048e-06,0.00681818181818182,0.0005546497666423052
1.05e-06,0.006672727272727272,0.0005815340215170718
1.052e-06,0.0066363636363636356,0.0006622276455611429
1.054e-06,0.0068,0.0008246211251235322
1.056e-06,0.006672727272727274,0.000781141356082123
1.058e-06,0.006854545454545455,0.0006006057548236387
1.06e-06,0.0069454545454545455,0.0006933449882470292
1.062e-06,0.006854545454545455,0.0007160497697278261
1.064e-06,0.006854545454545454,0.0006517110346827593
1.066e-06,0.0066363636363636356,0.0007990903919741836
1.068e-06,0.006618181818181818,0.0008412112479254921
1.07e-06,0.006509090909090909,0.0007006490497453707
1.072e-06,0.0065636363636363635,0.0007632466538056061
1.074e-06,0.006527272727272728,0.0008161996190772318
1.076e-06,0.006672727272727274,0.0007913165094839222
1.078e-06,0.006418181818181818,0.0006226045001735563
1.08e-06,0.0065636363636363635,0.000578399044384977
1.082e-06,0.006654545454545455,0.0006933449882470288
1.084e-06,0.006654545454545455,0.0008153080845467392
1.086e-06,0.006545454545454545,0.0006137811277053675
1.088e-06,0.00650909090909091,0.0006891364820622189
1.09e-06,0.006672727272727274,0.0006466697906828634
1.092e-06,0.006527272727272726,0.0005605192397962966
1.094e-06,0.006436363636363635,0.0006249363603963644
1.096e-06,0.0067090909090909085,0.0006024193646531384
1.098e-06,0.006836363636363637,0.0008570562726831039
1.1e-06,0.006854545454545455,0.0010586440727304303
1.102e-06,0.006654545454545455,0.0009511715264489748
1.104e-06,0.006618181818181817,0.0010332649048701713
1.106e-06,0.006745454545454546,0.001008328950654137
1.108e-06,0.006781818181818181,0.0008121800069174097
1.11e-06,0.0066363636363636356,0.0007579877667518484
1.112e-06,0.0065636363636363635,0.0008188683987952243
1.114e-06,0.0065636363636363635,0.0009952615005843714
1.116e-06,0.006272727272727272,0.0010593308350944092
1.118e-06,0.006290909090909092,0.001074666967441119
1.12e-06,0.0064909090909090915,0.0009049359595623828
1.122e-06,0.006527272727272728,0.0006404543841537961
1.124e-06,0.006290909090909092,0.0008688550459708977
1.126e-06,0.006272727272727274,0.000854506768950263
1.128e-06,0.006345454545454546,0.0009169118129500091
1.13e-06,0.006309090909090909,0.0009606815762306942
1.132e-06,0.0062,0.0006387487769068525
1.134e-06,0.0062545454545454545,0.0008054360761272571
1.136e-06,0.006327272727272728,0.0009089454429072289
1.138e-06,0.006218181818181818,0.0007560663751525812
1.14e-06,0.006345454545454546,0.001054858887589839
1.142e-06,0.006327272727272728,0.000939245345041336
1.144e-06,0.006309090909090909,0.0008780142885563372
1.146e-06,0.006236363636363637,0.0008139689518313672
1.148e-06,0.0062545454545454545,0.0009427233277729328
1.15e-06,0.0064,0.001
1.152e-06,0.0062545454545454545,0.0007594256202731593
1.154e-06,0.006236363636363636,0.0007256345185735409
1.156e-06,0.0064,0.0007589466384404109
1.158e-06,0.006290909090909089,0.0008780142885563371
1.16e-06,0.0059454545454545454,0.0007698878312632775
1.162e-06,0.006,0.0008294576541331089
1.164e-06,0.006090909090909091,0.0008407788596944449
1.166e-06,0.006163636363636363,0.0007579877667518484
1.168e-06,0.006272727272727272,0.0008956460339787243
1.17e-06,0.0062545454545454545,0.0008536552423123006
1.172e-06,0.006181818181818181,0.0006415889366536518
1.174e-06,0.006200000000000001,0.0006511528238439881
1.176e-06,0.006127272727272728,0.0008210857556807439
1.178e-06,0.006,0.00078993670632526
1.18e-06,0.0060545454545454565,0.0009511715264489748
1.182e-06,0.006145454545454546,0.0009553676113032474
1.184e-06,0.006072727272727272,0.0009001010044332903
1.186e-06,0.006036363636363637,0.0009373075560057408
1.188e-06,0.005927272727272726,0.0008259429872465883
1.19e-06,0.005981818181818182,0.0009141314804973975
1.192e-06,0.006309090909090909,0.0009049359595623833
1.194e-06,0.006436363636363637,0.00088461599270274
1.196e-06,0.006145454545454545,0.0008858483350592657
1.198e-06,0.006127272727272728,0.0009603029824913689
1.2e-06,0.005836363636363637,0.0010423749107425094
1.202e-06,0.005818181818181819,0.0009610600208292734
1.204e-06,0.006072727272727272,0.0006709558988352499
1.206e-06,0.005963636363636363,0.0006438520439863919
1.208e-06,0.005763636363636363,0.0009200790479874295
1.21e-06,0.005818181818181819,0.000776940386153509
1.212e-06,0.0059636363636363645,0.0007684695534277558
1.214e-06,0.005981818181818182,0.000641588936653652
1.216e-06,0.006036363636363637,0.000736576849042552
1.218e-06,0.006,0.0006870225614927067
1.22e-06,0.0059454545454545454,0.0005871347994517721
1.222e-06,0.00570909090909091,0.0006220201692140625
1.224e-06,0.005618181818181817,0.0005173358325462906
1.226e-06,0.005581818181818182,0.000596352549786084
1.228e-06,0.005763636363636365,0.0005920687920718795
1.23e-06,0.005854545454545454,0.0005663278844691234
1.232e-06,0.006072727272727272,0.0006466697906828631
1.234e-06,0.005854545454545454,0.0005373334837205596
1.236e-06,0.005781818181818182,0.0005896069569097398
1.238e-06,0.005872727272727273,0.0005676106219776177
1.24e-06,0.005654545454545455,0.0005447267872312437
1.242e-06,0.0056363636363636355,0.0006120011883529756
1.244e-06,0.005563636363636364,0.0005920687920718794
1.246e-06,0.005490909090909091,0.0005889898903284257
1.248e-06,0.0054181818181818185,0.0005325752187591568
1.25e-06,0.0054181818181818185,0.0005688904671695278
1.252e-06,0.005527272727272727,0.0007058199615920606
1.254e-06,0.0055636363636363635,0.0007990903919741837
1.256e-06,0.005436363636363636,0.0006741998624632422
1.258e-06,0.005127272727272727,0.0005883721765870801
1.26e-06,0.005127272727272727,0.0005001817851359824
1.262e-06,0.005163636363636363,0.0005852738286865854
1.264e-06,0.005218181818181819,0.0005618152397687015
1.266e-06,0.005290909090909091,0.0005889898903284256
1.268e-06,0.00509090909090909,0.00044148509704076185
1.27e-06,0.005145454545454545,0.0005802820630755986
1.272e-06,0.0052,0.0006131883886702356
1.274e-06,0.005327272727272728,0.0005883721765870801
1.276e-06,0.0051090909090909095,0.0006472318679647124
1.278e-06,0.005218181818181818,0.0005546497666423051
1.28e-06,0.005181818181818182,0.0007613385341859189
1.282e-06,0.005090909090909091,0.0006594763763085764
1.284e-06,0.005218181818181819,0.0004854239009735343
1.286e-06,0.0050363636363636366,0.0004965334374898176
1.288e-06,0.005,0.0006693280212272603
1.29e-06,0.005072727272727273,0.0007058199615920609
1.292e-06,0.00530909090909091,0.0006347512039445777
1.294e-06,0.005145454545454544,0.0005520210799664021
1.296e-06,0.005236363636363636,0.0006438520439863918
1.298e-06,0.005072727272727272,0.0005883721765870802
1.3e-06,0.004927272727272727,0.0007226214902573948
1.302e-06,0.004745454545454545,0.000721614351802452
1.304e-06,0.004763636363636364,0.0008936137054373409
1.306e-06,0.0048727272727272725,0.0008730302504391347
1.308e-06,0.00490909090909091,0.0008455229688832179
1.31e-06,0.004927272727272727,0.0008591750800516844
1.312e-06,0.0048000000000000004,0.0006928203230275509
1.314e-06,0.004818181818181819,0.000712486044520427
1.316e-06,0.004636363636363636,0.0009025217197084259
1.318e-06,0.004709090909090909,0.0008360078294544201
1.32e-06,0.004945454545454545,0.0009169118129500092
1.322e-06,0.004945454545454545,0.0010162318990896088
1.324e-06,0.0046,0.0008485281374238569
1.326e-06,0.004781818181818182,0.0006954396908692827
1.328e-06,0.004927272727272727,0.0006886086103018304
1.33e-06,0.004818181818181818,0.0007345994579608427
1.332e-06,0.004854545454545454,0.0005939084716749481
1.334e-06,0.0045636363636363635,0.000637609170688012
1.336e-06,0.004745454545454545,0.0005733474275927926
1.338e-06,0.0045636363636363635,0.000637609170688012
1.34e-06,0.004527272727272727,0.0007603826787755084
1.342e-06,0.004709090909090909,0.0008455229688832178
1.344e-06,0.004709090909090909,0.0007063349707533183
1.346e-06,0.004618181818181819,0.0006660603303277892
1.348e-06,0.004545454545454546,0.0006137811277053676
1.35e-06,0.004763636363636364,0.000763246653805606
1.352e-06,0.004854545454545455,0.0009511715264489748
1.354e-06,0.0048727272727272725,0.000854506768950263
1.356e-06,0.004890909090909091,0.0008595982148126478
1.358e-06,0.004981818181818181,0.0008600211413891892
1.36e-06,0.004709090909090909,0.0008825582648806202
1.362e-06,0.004945454545454545,0.0010395803349079245
1.364e-06,0.005,0.0008294576541331088
1.366e-06,0.005127272727272727,0.0005883721765870801
1.368e-06,0.004781818181818182,0.0009400193421607683
1.37e-06,0.0049454545454545445,0.0009384707095734383
1.372e-06,0.0052,0.0008671793355471521
1.374e-06,0.005236363636363637,0.0009244162777371754
1.376e-06,0.005127272727272727,0.0009970866653314636
1.378e-06,0.004854545454545454,0.0008153080845467392
1.38e-06,0.004927272727272726,0.0008307718207677834
1.382e-06,0.005072727272727273,0.0011252474475340161
1.384e-06,0.005090909090909091,0.0011466948551855853
1.386e-06,0.004927272727272728,0.0008684364214965988
1.388e-06,0.0048727272727272725,0.0007963553341202771
1.39e-06,0.004763636363636363,0.0008188683987952242
1.392e-06,0.004818181818181819,0.0008600211413891891
1.394e-06,0.0048727272727272725,0.0011463776943842802
1.396e-06,0.004854545454545454,0.000946956848397683
1.398e-06,0.004981818181818183,0.0008316467781674885
1.4e-06,0.004963636363636364,0.0009373075560057405
1.402e-06,0.004963636363636364,0.0009244162777371754
1.404e-06,0.005054545454545455,0.001000363570271965
1.406e-06,0.005090909090909091,0.0009181008065071563
1.408e-06,0.004945454545454545,0.0009125389157330621
1.41e-06,0.0048,0.001019803902718557
1.412e-06,0.004890909090909091,0.0010820855284630188
1.414e-06,0.005,0.000950789145920377
1.416e-06,0.004909090909090909,0.0010329129154527457
1.418e-06,0.004818181818181818,0.0011813705445948633
1.42e-06,0.0045636363636363635,0.001123630479537403
1.422e-06,0.004709090909090909,0.0010014534891392066
1.424e-06,0.0047272727272727275,0.0009603029824913689
1.426e-06,0.004490909090909092,0.0010054397500144359
1.428e-06,0.0045636363636363635,0.001155225283027278
1.43e-06,0.0048000000000000004,0.0010620734437881403
1.432e-06,0.0048727272727272725,0.001125247447534016
1.434e-06,0.0046,0.0011489125293076058
1.436e-06,0.004672727272727273,0.0012009087468171002
1.438e-06,0.004763636363636365,0.0011893466502855483
1.44e-06,0.004581818181818182,0.0013753677194250139
1.442e-06,0.0046,0.0012806248474865698
1.444e-06,0.004672727272727273,0.001063100097912618
1.446e-06,0.00469090909090909,0.0009648363026488435
1.448e-06,0.004600000000000001,0.0010507140429250957
1.45e-06,0.004527272727272727,0.0009727187765134475
1.452e-06,0.004636363636363636,0.001225783608368726
1.454e-06,0.0045636363636363635,0.0012093574552403661
1.456e-06,0.004618181818181819,0.0011079875286465835
1.458e-06,0.004599999999999999,0.0012
1.46e-06,0.004600000000000001,0.0010807404868885036
1.462e-06,0.004600000000000001,0.0010583005244258362
1.464e-06,0.004654545454545454,0.000946956848397683
1.466e-06,0.0046,0.000867179335547152
1.468e-06,0.004563636363636364,0.0010462052640593312
1.47e-06,0.0045636363636363635,0.0010307984548617902
1.472e-06,0.004636363636363636,0.0010538242047635148
1.474e-06,0.004509090909090908,0.0009005049088756212
1.476e-06,0.004418181818181818,0.0008829701940815237
1.478e-06,0.004418181818181818,0.0009816498172140428
1.48e-06,0.004509090909090909,0.0011674369751336006
1.482e-06,0.004327272727272728,0.000980908669643519
1.484e-06,0.004345454545454546,0.0007750659795961069
1.486e-06,0.004454545454545455,0.0010847706083441202
1.488e-06,0.0044,0.0011730302638892146
1.49e-06,0.004509090909090909,0.0011501778518599162
1.492e-06,0.004654545454545454,0.0008948336564564795
1.494e-06,0.004454545454545454,0.0011492289905529153
1.496e-06,0.004345454545454546,0.0009037296458163099
1.498e-06,0.00450909090909091,0.0011466948551855855
1.5e-06,0.004436363636363637,0.001046205264059331
1.502e-06,0.004436363636363636,0.0009330302538210936
1.504e-06,0.004381818181818182,0.0009053377069560087
1.506e-06,0.004654545454545455,0.0010661741287084736
1.508e-06,0.004545454545454546,0.0008903523306687485
1.51e-06,0.004363636363636364,0.0009542250544528029
1.512e-06,0.0044181818181818185,0.0008874887963441361
1.514e-06,0.004272727272727272,0.0009306888944119932
1.516e-06,0.004254545454545454,0.0009169118129500091
1.518e-06,0.004163636363636363,0.0008040805025278592
1.52e-06,0.004309090909090908,0.000806789372084865
1.522e-06,0.004381818181818182,0.0010097704509621798
1.524e-06,0.004363636363636364,0.0009584077704951347
1.526e-06,0.004163636363636363,0.0008381798461818649
1.528e-06,0.003909090909090909,0.0006410219114110616
1.53e-06,0.004072727272727273,0.0008403462489842018
1.532e-06,0.00409090909090909,0.000771303501164808
1.534e-06,0.004145454545454545,0.0005871347994517721
1.536e-06,0.004181818181818182,0.0004331701324380106
1.538e-06,0.00409090909090909,0.0006410219114110615
1.54e-06,0.003981818181818183,0.0008072399665752208
1.542e-06,0.0041090909090909095,0.000816645021358173
1.544e-06,0.004272727272727273,0.0006768912897813194
1.546e-06,0.0041090909090909095,0.0007119754847669201
1.548e-06,0.003909090909090909,0.0005243177385031818
1.55e-06,0.003890909090909091,0.0007395330221897403
1.552e-06,0.003854545454545454,0.0007104416040233515
1.554e-06,0.003818181818181818,0.0006600275476344633
1.556e-06,0.0038727272727272725,0.0007114645586266528
1.558e-06,0.004054545454545454,0.0007160497697278259
1.56e-06,0.0040363636363636365,0.0008333939371902429
1.562e-06,0.003945454545454545,0.0007104416040233515
1.564e-06,0.004054545454545456,0.0008054360761272573
1.566e-06,0.003945454545454545,0.0008675985665774654
1.568e-06,0.004145454545454546,0.0007903969083487565
1.57e-06,0.004236363636363636,0.0008476706049789945
1.572e-06,0.004236363636363636,0.00087094515013602
1.574e-06,0.004054545454545455,0.0008675985665774654
1.576e-06,0.004,0.0009549869109050656
1.578e-06,0.004272727272727273,0.0008307718207677836
1.58e-06,0.004254545454545454,0.0006758160050836861
1.582e-06,0.004218181818181818,0.0006838394282551743
1.584e-06,0.004218181818181818,0.000776940386153509
1.586e-06,0.004127272727272727,0.0007656251159554642
1.588e-06,0.004218181818181818,0.0008364426840115008
1.59e-06,0.004254545454545454,0.0008948336564564795
1.592e-06,0.004109090909090909,0.0007816067367347155
1.594e-06,0.0040363636363636365,0.0007256345185735409
1.596e-06,0.004054545454545455,0.0006072291764459878
1.598e-06,0.003927272727272727,0.0007390411478272493
1.6e-06,0.004200000000000001,0.0008148619514985345
1.602e-06,0.004163636363636363,0.0008891262309399349
1.604e-06,0.003927272727272727,0.0010286796479865917
1.606e-06,0.004,0.0010807404868885036
1.608e-06,0.003981818181818182,0.0009484916254961683
1.61e-06,0.0039454545454545445,0.0008721968084826226
1.612e-06,0.003963636363636364,0.0009625723113332601
1.614e-06,0.004127272727272728,0.0008013624761503488
1.616e-06,0.00409090909090909,0.0008549322142188179
1.618e-06,0.0040181818181818174,0.0008646596808203581
1.62e-06,0.003763636363636363,0.0007419875029577349
1.622e-06,0.0038909090909090907,0.0008549322142188179
1.624e-06,0.004072727272727273,0.0009392453450413359
1.626e-06,0.00390909090909091,0.0008734466731913808
1.628e-06,0.003818181818181818,0.0009978157964455983
1.63e-06,0.003945454545454546,0.0009842394387176694
1.632e-06,0.0038545454545454547,0.0011767443531741602
1.634e-06,0.003945454545454546,0.001000363570271965
1.636e-06,0.0038545454545454547,0.0009963570006414732
1.638e-06,0.0038363636363636373,0.0010307984548617902
1.64e-06,0.0037636363636363635,0.0010151578471082488
1.642e-06,0.003636363636363636,0.0009542250544528029
1.644e-06,0.0037090909090909093,0.0009853471930792166
1.646e-06,0.0038545454545454547,0.0010661741287084734
1.648e-06,0.0037636363636363635,0.001003267389356125
1.65e-06,0.0035636363636363634,0.0008188683987952242
1.652e-06,0.0036363636363636372,0.0007788102814841716
1.654e-06,0.0038545454545454547,0.0007646746188590758
1.656e-06,0.0036363636363636364,0.0006438520439863918
1.658e-06,0.003545454545454546,0.0007802097620045989
1.66e-06,0.0034909090909090914,0.0006472318679647124
1.662e-06,0.0034909090909090914,0.0006949166071616731
1.664e-06,0.003581818181818182,0.000660027547634463
1.666e-06,0.003818181818181818,0.0005016336946780625
1.668e-06,0.0035090909090909088,0.0005889898903284257
1.67e-06,0.003309090909090909,0.0005393598899705937
1.672e-06,0.0032545454545454544,0.000529837024685207
1.674e-06,0.0035999999999999995,0.0007211102550927978
1.676e-06,0.003763636363636363,0.0008237387052612341
1.678e-06,0.003854545454545454,0.0007160497697278261
1.68e-06,0.0038000000000000004,0.0006985699678629192
1.682e-06,0.0036545454545454546,0.0008103871128832645
1.684e-06,0.0036363636363636364,0.0008800826407477052
1.686e-06,0.003781818181818182,0.0007922350431761799
1.688e-06,0.0036545454545454546,0.0007750659795961067
1.69e-06,0.0037454545454545453,0.000716049769727826
1.692e-06,0.0036727272727272724,0.0010668560437949526
1.694e-06,0.0035636363636363634,0.0009667189118587961
1.696e-06,0.0034545454545454536,0.0009212639538847009
1.698e-06,0.0034,0.0008246211251235322
1.7e-06,0.0034181818181818176,0.0008022695081058257
1.702e-06,0.0035090909090909088,0.000776472208716507
1.704e-06,0.0037454545454545453,0.0007380564156805852
1.706e-06,0.0037999999999999996,0.0008532291603080616
1.708e-06,0.0036909090909090906,0.0008263831380837165
1.71e-06,0.003636363636363636,0.0009025217197084261
1.712e-06,0.0034727272727272727,0.0009263810329350542
1.714e-06,0.0034545454545454536,0.0008250619811427944
1.716e-06,0.0035272727272727274,0.0008450927867292551
1.718e-06,0.0034909090909090905,0.0007286350876186865
1.72e-06,0.0035818181818181817,0.000993798955340749
1.722e-06,0.0034909090909090905,0.0009481081641400895
1.724e-06,0.0035818181818181817,0.000860021141389189
1.726e-06,0.003581818181818182,0.0007507571935295482
1.728e-06,0.0034545454545454545,0.0008394803587501453
1.73e-06,0.003472727272727273,0.0007226214902573948
1.732e-06,0.0035272727272727274,0.0007963553341202769
1.734e-06,0.0034363636363636363,0.0008523763573360389
1.736e-06,0.0034363636363636363,0.0008285803850837011
1.738e-06,0.003509090909090909,0.0008215285088839529
1.74e-06,0.0034545454545454545,0.0008583281847447822
1.742e-06,0.0035636363636363634,0.0009244162777371752
1.744e-06,0.0036181818181818186,0.000977566552024139
1.746e-06,0.0034909090909090914,0.0009353657524781903
1.748e-06,0.0035454545454545448,0.0010624157720625538
1.75e-06,0.003654545454545455,0.0009384707095734383
1.752e-06,0.003545454545454546,0.0010661741287084736
1.754e-06,0.0034909090909090914,0.0009481081641400895
1.756e-06,0.0034181818181818185,0.000596352549786084
1.758e-06,0.0034909090909090914,0.000694916607161673
1.76e-06,0.003545454545454546,0.0008813213220654954
1.762e-06,0.0035999999999999995,0.0008944271909999159
1.764e-06,0.0034545454545454545,0.0008813213220654955
1.766e-06,0.0034909090909090905,0.0007119754847669202
1.768e-06,0.0034727272727272727,0.0009177046464859041
1.77e-06,0.0034545454545454545,0.0007047888142750797
1.772e-06,0.0034727272727272727,0.0007551038459588311
1.774e-06,0.0034909090909090914,0.0009093454189190655
1.776e-06,0.003581818181818182,0.000836442684011501
1.778e-06,0.0035999999999999995,0.0006985699678629193
1.78e-06,0.0035999999999999995,0.00046475800154489004
1.782e-06,0.0035272727272727274,0.0005746144952764576
1.784e-06,0.0035636363636363634,0.0005201398413363992
1.786e-06,0.0035272727272727265,0.0008063385257953498
1.788e-06,0.003472727272727273,0.0009603029824913689
1.79e-06,0.0032909090909090904,0.0007713035011648079
1.792e-06,0.0035272727272727274,0.0007444338910755059
1.794e-06,0.0035636363636363643,0.0008333939371902429
1.796e-06,0.0035999999999999995,0.0007266360849833979
1.798e-06,0.0033636363636363642,0.0008891262309399348
1.8e-06,0.0033454545454545456,0.0008858483350592654
1.802e-06,0.0033272727272727273,0.0009477245476307016
1.804e-06,0.0034909090909090914,0.0009224473377429688
1.806e-06,0.0034909090909090914,0.0005682509048906926
1.808e-06,0.0035272727272727274,0.0007281358514603014
1.81e-06,0.0033454545454545456,0.0007646746188590757
1.812e-06,0.0033090909090909087,0.0007660999222745627
1.814e-06,0.0035636363636363634,0.00045447272145361444
1.816e-06,0.0035636363636363634,0.0005277740563398836
1.818e-06,0.00330909090909091,0.0006949166071616729
1.82e-06,0.0034000000000000002,0.0006511528238439883
1.822e-06,0.003436363636363636,0.0006438520439863918
1.824e-06,0.003418181818181819,0.0007180782433943837
1.826e-06,0.0033454545454545456,0.0005298370246852071
1.828e-06,0.0032181818181818184,0.0008022695081058257
1.83e-06,0.0033454545454545456,0.0006517110346827594
1.832e-06,0.0034909090909090914,0.0008215285088839529
1.834e-06,0.003309090909090909,0.0007395330221897403
1.836e-06,0.0030545454545454543,0.0005592202363356254
1.838e-06,0.003181818181818182,0.0007180782433943837
1.84e-06,0.002927272727272727,0.0010364274302534732
1.842e-06,0.0029454545454545454,0.0006330302305003077
1.844e-06,0.003181818181818182,0.0004935953440181174
1.846e-06,0.003254545454545455,0.0006330302305003078
1.848e-06,0.003327272727272727,0.0005312078860312771
1.85e-06,0.0031272727272727272,0.0005815340215170717
1.852e-06,0.003,0.0005366563145999497
1.854e-06,0.003036363636363636,0.000550041320761863
1.856e-06,0.0030181818181818183,0.0004600395239937147
1.858e-06,0.0030181818181818183,0.000373679493197531
1.86e-06,0.0029454545454545454,0.0006006057548236386
1.862e-06,0.002963636363636364,0.0006313045655984555
1.864e-06,0.0032,0.0006693280212272605
1.866e-06,0.0031636363636363633,0.0006120011883529758
1.868e-06,0.0030181818181818183,0.0006720389599095901
1.87e-06,0.0030545454545454543,0.0005733474275927928
1.872e-06,0.0032,0.00036878177829171546
1.874e-06,0.0032727272727272726,0.0006943931294172042
1.876e-06,0.003272727272727273,0.0007603826787755087
1.878e-06,0.003109090909090909,0.000615555920212852
1.88e-06,0.0031272727272727272,0.0006018154353137
1.882e-06,0.0032181818181818184,0.0004935953440181174
1.884e-06,0.003181818181818182,0.0005016336946780626
1.886e-06,0.0031454545454545455,0.0006875516509523286
1.888e-06,0.0031454545454545446,0.000805436076127257
1.89e-06,0.0031272727272727272,0.0008013624761503487
1.892e-06,0.0032,0.0006511528238439883
1.894e-06,0.0032545454545454544,0.0005298370246852071
1.896e-06,0.0032181818181818175,0.0006096198517407087
1.898e-06,0.0032,0.000681175454637056
1.9e-06,0.0032181818181818184,0.0007068496046800647
1.902e-06,0.0033818181818181816,0.0005896069569097398
1.904e-06,0.0035818181818181817,0.0005473905037871624
1.906e-06,0.0034363636363636363,0.0007089044043772436
1.908e-06,0.0033818181818181816,0.0007291339819514405
1.91e-06,0.0035454545454545456,0.0006578200914591107
1.912e-06,0.0034727272727272727,0.0007114645586266529
1.914e-06,0.0034727272727272727,0.0009434944717282758
1.916e-06,0.0033636363636363642,0.0007201010030165592
1.918e-06,0.0034545454545454545,0.0006330302305003077
1.92e-06,0.0033272727272727278,0.000700129858084783
1.922e-06,0.003381818181818182,0.0006415889366536518
1.924e-06,0.0034363636363636363,0.000736576849042552
1.926e-06,0.003454545454545455,0.0007594256202731593
1.928e-06,0.0032909090909090904,0.0006410219114110616
1.93e-06,0.0032727272727272726,0.0007336087637029824
1.932e-06,0.0032545454545454544,0.0008298959409029982
1.934e-06,0.0032181818181818184,0.0007124860445204269
1.936e-06,0.0031818181818181815,0.0006600275476344633
1.938e-06,0.003236363636363636,0.000668240566372212
1.94e-06,0.003272727272727273,0.0006278390065787712
1.942e-06,0.0034363636363636363,0.0007365768490425522
1.944e-06,0.0034727272727272727,0.0006084256882987586
1.946e-06,0.0032545454545454544,0.00047405408207004473
1.948e-06,0.0033636363636363642,0.000512391895472064
1.95e-06,0.003272727272727273,0.0004755857632244874
1.952e-06,0.003381818181818182,0.0006096198517407086
1.954e-06,0.003145454545454546,0.000552021079966402
1.956e-06,0.002963636363636364,0.0005920687920718795
1.958e-06,0.002872727272727273,0.000711464558626653
1.96e-06,0.0029454545454545454,0.0005733474275927928
1.962e-06,0.002963636363636363,0.0006376091706880121
1.964e-06,0.003090909090909091,0.0006024193646531384
1.966e-06,0.0031999999999999997,0.0006387487769068524
1.968e-06,0.0031272727272727272,0.0006018154353136999
1.97e-06,0.0030727272727272725,0.0005676106219776178
1.972e-06,0.0031090909090909086,0.0005009082659620331
1.974e-06,0.0031818181818181815,0.000351619629196613
1.976e-06,0.0031999999999999997,0.00040987803063838394
1.978e-06,0.0033272727272727273,0.000531207886031277
1.98e-06,0.0032545454545454544,0.0004987256487561801
1.982e-06,0.003236363636363636,0.0003981776670601385
1.984e-06,0.0032727272727272726,0.00040271803806362857
1.986e-06,0.003309090909090909,0.0005166324524350854
1.988e-06,0.0030363636363636357,0.0006185025905729535
1.99e-06,0.0029454545454545454,0.0005066826153789695
1.992e-06,0.0031090909090909086,0.0006284179269475775
1.994e-06,0.0033090909090909087,0.00039358492210587906
1.996e-06,0.0031818181818181815,0.00047711252722640145
1.998e-06,0.0031818181818181815,0.0006954396908692826
2e-06,0.0031272727272727272,0.000781141356082123
2.002e-06,0.002963636363636364,0.0006313045655984555
2.004e-06,0.0030181818181818183,0.0005173358325462908
2.006e-06,0.002963636363636364,0.0005920687920718795
2.008e-06,0.0029818181818181814,0.000864659680820358
2.01e-06,0.0029454545454545454,0.0008054360761272571
2.012e-06,0.002963636363636364,0.0006054299749314154
2.014e-06,0.0030909090909090903,0.0005393598899705937
2.016e-06,0.0032,0.0004
2.018e-06,0.003181818181818182,0.00032807981290588974
2.02e-06,0.0028545454545454542,0.0004480259732730601
2.022e-06,0.002872727272727273,0.0004496463256625347
2.024e-06,0.0031636363636363633,0.00037755192297941556
2.026e-06,0.003090909090909091,0.0005009082659620332
2.028e-06,0.003054545454545455,0.0004107642544419764
2.03e-06,0.003,0.0004898979485566356
2.032e-06,0.0029454545454545445,0.0005222329678670935
2.034e-06,0.002945454545454546,0.00032361593398235627
2.036e-06,0.0030545454545454543,0.0004009080601924495
2.038e-06,0.0030727272727272725,0.0004584559064750046
2.04e-06,0.0028181818181818173,0.00040451991747794534
2.042e-06,0.002963636363636363,0.00053529940644975
2.044e-06,0.003109090909090909,0.00047634975691091826
2.046e-06,0.0029818181818181823,0.00037367949319753107
2.048e-06,0.0028727272727272725,0.0006341780650431062
2.05e-06,0.002854545454545455,0.000607229176445988
2.052e-06,0.0028,0.0007321202087089251
2.054e-06,0.002818181818181818,0.0006600275476344633
2.056e-06,0.0026363636363636363,0.0005783990443849769
2.058e-06,0.0027454545454545453,0.00046553976492591135
2.06e-06,0.003109090909090909,0.0005611676139168145
2.062e-06,0.003036363636363636,0.0004177863742936749
2.064e-06,0.003054545454545455,0.00028412545244534625
2.066e-06,0.0031818181818181815,0.000451260859854213
2.068e-06,0.0029454545454545454,0.0006455441679136082
2.07e-06,0.002818181818181818,0.0005095452518043552
2.072e-06,0.0026363636363636368,0.0004717472358641378
2.074e-06,0.002872727272727273,0.00046709936649691377
2.076e-06,0.0027818181818181817,0.0004854239009735343
2.078e-06,0.0026909090909090906,0.0005611676139168145
2.08e-06,0.002672727272727273,0.0004839233598224188
2.082e-06,0.0027636363636363635,0.0005572660536453432
2.084e-06,0.002781818181818182,0.0004686537780028703
2.086e-06,0.0027454545454545453,0.0004824181513244219
2.088e-06,0.0027636363636363635,0.0005500413207618628
2.09e-06,0.0027272727272727275,0.000431487911976475
2.092e-06,0.0026909090909090906,0.00046787721777095633
2.094e-06,0.002509090909090909,0.00038328721725240314
2.096e-06,0.002709090909090909,0.0004323298404101792
2.098e-06,0.002854545454545455,0.0005802820630755983
2.1e-06,0.0026363636363636363,0.0005352994064497499
2.102e-06,0.0026727272727272724,0.0005883721765870801
2.104e-06,0.0029818181818181823,0.0005963525497860838
2.106e-06,0.0029090909090909093,0.000806789372084865
2.108e-06,0.003036363636363637,0.0008040805025278592
2.11e-06,0.0028,0.0007848566748139432
2.112e-06,0.0028181818181818178,0.0005473905037871626
2.114e-06,0.002727272727272728,0.0004839233598224188
2.116e-06,0.0027090909090909093,0.0005539937643232917
2.118e-06,0.002727272727272727,0.0007551038459588312
2.12e-06,0.003,0.0005440588203494177
2.122e-06,0.002763636363636364,0.0007201010030165592
2.124e-06,0.002690909090909091,0.000694916607161673
2.126e-06,0.0027090909090909093,0.0005088311025370707
2.128e-06,0.0028,0.00045607017003965514
2.13e-06,0.0029090909090909093,0.0005243177385031817
2.132e-06,0.0028363636363636364,0.0005427204202399744
2.134e-06,0.002854545454545455,0.00043900714427816856
2.136e-06,0.0027454545454545457,0.0004824181513244217
2.138e-06,0.002618181818181818,0.000582783290457408
2.14e-06,0.0026363636363636363,0.000564398311961911
2.142e-06,0.0027818181818181817,0.0006415889366536518
2.144e-06,0.0028181818181818178,0.0005546497666423051
2.146e-06,0.0029090909090909093,0.0005611676139168144
2.148e-06,0.0029090909090909093,0.0006949166071616731
2.15e-06,0.0028545454545454542,0.0006817090821804216
2.152e-06,0.002618181818181818,0.0007068496046800647
2.154e-06,0.0027818181818181817,0.0004935953440181174
2.156e-06,0.0027090909090909084,0.0005318919917700312
2.158e-06,0.002872727272727273,0.00044066066103274774
2.16e-06,0.0027272727272727275,0.000431487911976475
2.162e-06,0.002690909090909091,0.0005682509048906926
2.164e-06,0.002672727272727273,0.0007963553341202771
2.166e-06,0.0026363636363636363,0.0008617107719794703
2.168e-06,0.002618181818181818,0.0007400245696166875
2.17e-06,0.0024000000000000007,0.0006449806198638838
2.172e-06,0.0025454545454545456,0.0008004544163956325
2.174e-06,0.0027272727272727275,0.0007603826787755085
2.176e-06,0.0025636363636363634,0.0006500349640945897
2.178e-06,0.002581818181818182,0.0006226045001735561
2.18e-06,0.0024,0.0007099295739719539
2.182e-06,0.0023454545454545455,0.0007160497697278261
2.184e-06,0.002927272727272727,0.0007226214902573947
2.186e-06,0.0029454545454545454,0.0008767709351519771
2.188e-06,0.0028181818181818186,0.0006896639497874047
2.19e-06,0.0027454545454545457,0.0006266795614405122
2.192e-06,0.0027090909090909093,0.0006655141553033195
2.194e-06,0.0024727272727272727,0.0004921197193588346
2.196e-06,0.0024727272727272727,0.00040271803806362857
2.198e-06,0.0024727272727272727,0.0004496463256625347
2.2e-06,0.0025454545454545456,0.0006875516509523286
2.202e-06,0.002509090909090909,0.0006655141553033195
2.204e-06,0.0024727272727272727,0.0005746144952764576
2.206e-06,0.0026363636363636363,0.0004544727214536144
2.208e-06,0.002690909090909091,0.0007006490497453707
2.21e-06,0.0027454545454545457,0.0006072291764459878
2.212e-06,0.0027090909090909093,0.0006220201692140624
2.214e-06,0.002672727272727273,0.0007862453931068965
2.216e-06,0.0027454545454545457,0.0006137811277053676
2.218e-06,0.0025272727272727274,0.000422115882408869
2.22e-06,0.0025454545454545456,0.000754140088264291
2.222e-06,0.0023636363636363633,0.0005352994064497498
2.224e-06,0.0023272727272727273,0.0005746144952764576
2.226e-06,0.0024,0.0005138093031466051
2.228e-06,0.0024363636363636367,0.000703239258393226
2.23e-06,0.0026363636363636363,0.0004884111531747146
2.232e-06,0.0024363636363636362,0.000320227192076898
2.234e-06,0.002418181818181818,0.00040451991747794523
2.236e-06,0.0023090909090909095,0.000450454316117729
2.238e-06,0.0021454545454545454,0.0004987256487561802
2.24e-06,0.002327272727272727,0.0005386852682056733
2.242e-06,0.0022,0.00043817804600413285
2.244e-06,0.0021454545454545454,0.0003110100846070312
2.246e-06,0.002127272727272727,0.0005746144952764576
2.248e-06,0.0020545454545454543,0.00041076425444197637
2.25e-06,0.002236363636363636,0.0005572660536453432
2.252e-06,0.0024,0.0006752777206453653
2.254e-06,0.0024545454545454545,0.0005373334837205595
2.256e-06,0.002272727272727273,0.0006018154353136999
2.258e-06,0.002272727272727273,0.0006018154353136998
2.26e-06,0.0024000000000000002,0.000565685424949238
2.262e-06,0.002327272727272727,0.0005159281133857877
2.264e-06,0.0024909090909090905,0.0005539937643232916
2.266e-06,0.0024000000000000002,0.0006000000000000001
2.268e-06,0.0023636363636363638,0.0006249363603963644
2.27e-06,0.0022545454545454544,0.00041076425444197637
2.272e-06,0.0024,0.0005585696017507576
2.274e-06,0.0024909090909090905,0.0005957424702915605
2.276e-06,0.002509090909090909,0.0004846742111038
2.278e-06,0.0024545454545454545,0.0005222329678670935
2.28e-06,0.0022363636363636366,0.0006438520439863918
2.282e-06,0.0023454545454545455,0.0006202638734661828
2.284e-06,0.0022,0.0007589466384404109
2.286e-06,0.002127272727272727,0.0006404543841537961
2.288e-06,0.0024,0.0006985699678629193
2.29e-06,0.002381818181818182,0.00028919952219248844
2.292e-06,0.0024909090909090905,0.0005682509048906925
2.294e-06,0.0026181818181818185,0.0005546497666423052
2.296e-06,0.0025636363636363634,0.00037755192297941567
2.298e-06,0.002381818181818182,0.0005963525497860838
2.3e-06,0.002418181818181818,0.0005016336946780626
2.302e-06,0.0024727272727272727,0.0004670993664969138
2.304e-06,0.0024545454545454545,0.0006455441679136082
2.306e-06,0.0024363636363636362,0.0006438520439863918
2.308e-06,0.0023454545454545455,0.0006072291764459878
2.31e-06,0.002236363636363636,0.0005201398413363992
2.312e-06,0.002345454545454546,0.0006817090821804215
2.314e-06,0.002418181818181818,0.0004238353024894972
2.316e-06,0.002309090909090909,0.0006024193646531383
2.318e-06,0.002327272727272727,0.0006528260244366935
2.32e-06,0.0024545454545454545,0.0005871347994517721
2.322e-06,0.0025272727272727274,0.0005386852682056733
2.324e-06,0.0022363636363636366,0.0003981776670601385
2.326e-06,0.002290909090909091,0.00028793938756115127
2.328e-06,0.002418181818181818,0.00044230799635137013
2.33e-06,0.0024000000000000002,0.0005366563145999494
2.332e-06,0.0022181818181818184,0.0004686537780028703
2.334e-06,0.0021636363636363637,0.0006185025905729534
2.336e-06,0.002181818181818182,0.0004771125272264014
2.338e-06,0.0022181818181818184,0.0004238353024894973
2.34e-06,0.0024,0.00025298221281347025
2.342e-06,0.002509090909090909,0.0004229764661409555
2.344e-06,0.0022727272727272726,0.0005746144952764576
2.346e-06,0.002127272727272727,0.0005236237372215073
2.348e-06,0.0022181818181818184,0.0005016336946780624
2.35e-06,0.0022363636363636366,0.0003880018744097179
2.352e-06,0.002272727272727273,0.0005236237372215074
2.354e-06,0.002418181818181818,0.0004142901925418507
2.356e-06,0.002345454545454546,0.0004390071442781685
2.358e-06,0.002327272727272727,0.0004921197193588346
2.36e-06,0.0021818181818181823,0.0004600395239937147
2.362e-06,0.002236363636363636,0.0004965334374898176
2.364e-06,0.002072727272727273,0.0006214352888127759
2.366e-06,0.0021636363636363637,0.0004717472358641378
2.368e-06,0.002290909090909091,0.0003389824345140776
2.37e-06,0.0022363636363636366,0.0004631905164675271
2.372e-06,0.002327272727272727,0.0005883721765870801
2.374e-06,0.002345454545454546,0.0008004544163956325
2.376e-06,0.0022,0.000681175454637056
2.378e-06,0.0022363636363636366,0.000578399044384977
2.38e-06,0.002236363636363636,0.0004631905164675271
2.382e-06,0.002145454545454546,0.00029787123514578024
2.384e-06,0.002290909090909091,0.000546725791333362
2.386e-06,0.002272727272727273,0.0006341780650431062
2.388e-06,0.0023636363636363638,0.0007256345185735409
2.39e-06,0.002254545454545454,0.0006006057548236386
2.392e-06,0.0023636363636363633,0.0006917697988098748
2.394e-06,0.0024545454545454545,0.0006266795614405122
2.396e-06,0.0022,0.0005138093031466051
2.398e-06,0.0021454545454545454,0.0005298370246852071
2.4e-06,0.0024363636363636362,0.0004717472358641378
2.402e-06,0.002490909090909091,0.0006220201692140625
2.404e-06,0.002236363636363636,0.0005572660536453433
2.406e-06,0.002290909090909091,0.0007119754847669201
2.408e-06,0.002345454545454545,0.0009842394387176692
2.41e-06,0.0024363636363636362,0.000823738705261234
2.412e-06,0.0023818181818181816,0.0007560663751525812
2.414e-06,0.0024727272727272727,0.0005081159495448043
2.416e-06,0.0024181818181818176,0.0006838394282551743
2.418e-06,0.002345454545454546,0.0007104416040233515
2.42e-06,0.002381818181818182,0.0007068496046800645
2.422e-06,0.002254545454545455,0.0006202638734661828
2.424e-06,0.002509090909090909,0.000683307464403171
2.426e-06,0.002490909090909091,0.0006220201692140625
2.428e-06,0.002418181818181819,0.000836442684011501
2.43e-06,0.002381818181818182,0.0008506681865665153
2.432e-06,0.0026,0.0005513619500836089
2.434e-06,0.002418181818181818,0.0006779648690281551
2.436e-06,0.0021818181818181815,0.0005173358325462905
2.438e-06,0.002254545454545454,0.00041076425444197637
2.44e-06,0.002109090909090909,0.0007555852638247328
2.442e-06,0.0020909090909090908,0.0007449222046019913
2.444e-06,0.0022909090909090913,0.0005611676139168144
2.446e-06,0.0023636363636363638,0.0005714415582939821
2.448e-06,0.0022,0.00038987177379235844
2.45e-06,0.002072727272727273,0.00044964632566253464
2.452e-06,0.0020909090909090908,0.0006594763763085763
2.454e-06,0.0020181818181818183,0.0008022695081058257
2.456e-06,0.0021818181818181815,0.0006660603303277892
2.458e-06,0.0022000000000000006,0.0006633249580710799
2.46e-06,0.002272727272727273,0.0006943931294172042
2.462e-06,0.0023272727272727273,0.0005676106219776178
2.464e-06,0.0023636363636363638,0.000550041320761863
2.466e-06,0.0022909090909090913,0.0007449222046019912
2.468e-06,0.0021454545454545454,0.0007271363508498752
2.47e-06,0.002254545454545454,0.0006875516509523285
2.472e-06,0.0021636363636363637,0.0005987866519432898
2.474e-06,0.002309090909090909,0.0005752469825293227
2.476e-06,0.002254545454545455,0.000552021079966402
2.478e-06,0.002127272727272727,0.0005081159495448043
2.48e-06,0.002109090909090909,0.00042297646614095546
2.482e-06,0.002072727272727273,0.0005386852682056733
2.484e-06,0.002254545454545455,0.0005939084716749481
2.486e-06,0.0020909090909090908,0.0006410219114110615
2.488e-06,0.0022,0.0007848566748139433
2.49e-06,0.002218181818181818,0.0006415889366536518
2.492e-06,0.0022363636363636366,0.0005920687920718796
2.494e-06,0.002236363636363636,0.0005714415582939821
2.496e-06,0.0021454545454545454,0.0005802820630755983
2.498e-06,0.0021090909090909094,0.000432329840410179
2.5e-06,0.001890909090909091,0.0004036199832876104
2.502e-06,0.0018363636363636362,0.0004544727214536144
2.504e-06,0.002218181818181818,0.00038423477671387796
2.506e-06,0.002145454545454546,0.0004655397649259113
2.508e-06,0.002309090909090909,0.0003269695565478396
2.51e-06,0.002127272727272727,0.0005159281133857878
2.512e-06,0.002127272727272727,0.0005159281133857877
2.514e-06,0.001981818181818182,0.0007613385341859189
2.516e-06,0.0019272727272727273,0.0005746144952764576
2.518e-06,0.0020181818181818183,0.0005896069569097397
2.52e-06,0.002236363636363636,0.0005427204202399744
2.522e-06,0.0021818181818181815,0.0006030226891555273
2.524e-06,0.0020909090909090908,0.0004678772177709564
2.526e-06,0.0019272727272727273,0.0003717281509138341
2.528e-06,0.0021454545454545454,0.00048241815132442177
2.53e-06,0.0020727272727272725,0.00042211588240886904
2.532e-06,0.0019090909090909091,0.00045045431611772887
2.534e-06,0.0018363636363636366,0.0004801514912456844
2.536e-06,0.001745454545454545,0.0003908033683673578
2.538e-06,0.0017272727272727272,0.00027236339361562194
2.54e-06,0.0018545454545454546,0.0004297991074063238
2.542e-06,0.0017636363636363637,0.0006054299749314156
2.544e-06,0.0018363636363636362,0.0005427204202399744
2.546e-06,0.001981818181818182,0.00046003952399371477
2.548e-06,0.0018363636363636366,0.0004365151252195673
2.55e-06,0.0020363636363636365,0.00040809980953861587
2.552e-06,0.0019454545454545451,0.0003110100846070312
2.554e-06,0.002072727272727273,0.000531207886031277
2.556e-06,0.0020545454545454543,0.0005733474275927928
2.558e-06,0.001981818181818182,0.000351619629196613
2.56e-06,0.0017454545454545457,0.000552021079966402
2.562e-06,0.001818181818181818,0.0005618152397687017
2.564e-06,0.0016545454545454545,0.000529837024685207
2.566e-06,0.001818181818181818,0.0004935953440181174
2.568e-06,0.001981818181818182,0.0005250108223992755
2.57e-06,0.0018909090909090909,0.0005009082659620331
2.572e-06,0.0019454545454545451,0.0006393178182463497
2.574e-06,0.0019818181818181814,0.0005618152397687015
2.576e-06,0.002218181818181818,0.0005016336946780625
2.578e-06,0.002181818181818182,0.0004686537780028704
2.58e-06,0.002072727272727273,0.000546060269733862
2.582e-06,0.0017818181818181815,0.0007011678569617719
2.584e-06,0.0019818181818181822,0.0005688904671695277
2.586e-06,0.001981818181818182,0.0005896069569097397
2.588e-06,0.001981818181818182,0.0005546497666423052
2.59e-06,0.0020181818181818187,0.00046003952399371477
2.592e-06,0.0019090909090909091,0.0004846742111038
2.594e-06,0.0018545454545454546,0.00036976651109487014
2.596e-06,0.0017818181818181822,0.0005095452518043551
2.598e-06,0.0017454545454545457,0.0004824181513244218
2.6e-06,0.0016909090909090908,0.0005957424702915606
2.602e-06,0.001981818181818182,0.0004686537780028704
2.604e-06,0.0018909090909090909,0.00041341152730552995
2.606e-06,0.0020545454545454543,0.0006393178182463498
2.608e-06,0.002090909090909091,0.0007286350876186864
2.61e-06,0.001981818181818182,0.0004600395239937147
2.612e-06,0.001981818181818182,0.0005546497666423052
2.614e-06,0.0020545454545454547,0.0006933449882470291
2.616e-06,0.0021090909090909094,0.0008595982148126476
2.618e-06,0.002,0.0006196773353931868
2.62e-06,0.0018363636363636366,0.0003775519229794156
2.622e-06,0.0017454545454545453,0.0005939084716749482
2.624e-06,0.0017818181818181822,0.0008738628975053028
2.626e-06,0.0017636363636363637,0.000571441558293982
2.628e-06,0.0017818181818181817,0.0006030226891555274
2.63e-06,0.001963636363636364,0.00039817766706013856
2.632e-06,0.0019636363636363636,0.0004801514912456844
2.634e-06,0.001818181818181818,0.0006226045001735561
2.636e-06,0.0017818181818181822,0.0007454101982374292
2.638e-06,0.0018545454545454544,0.0006006057548236386
2.64e-06,0.0017999999999999997,0.00033466401061363023
2.642e-06,0.0017818181818181817,0.0004854239009735343
2.644e-06,0.0018181818181818182,0.0006289963144855172
2.646e-06,0.0018727272727272724,0.0006768912897813195
2.648e-06,0.001909090909090909,0.0006155559202128519
2.65e-06,0.0018181818181818182,0.0005400336689840399
2.652e-06,0.0018181818181818182,0.00045126085985421294
2.654e-06,0.0018727272727272727,0.0006149648918286459
2.656e-06,0.0018181818181818182,0.0003842347767138779
2.658e-06,0.0018181818181818182,0.00039450774851245145
2.66e-06,0.0018363636363636366,0.0004455843966584272
2.662e-06,0.0017999999999999997,0.0007155417527999326
2.664e-06,0.0018545454545454544,0.0006990903180042424
2.666e-06,0.001836363636363636,0.0006313045655984553
2.668e-06,0.001909090909090909,0.000771303501164808
2.67e-06,0.0018727272727272727,0.0007603826787755085
2.672e-06,0.0018545454545454546,0.0006137811277053675
2.674e-06,0.0017454545454545457,0.0006330302305003077
2.676e-06,0.0019090909090909091,0.000683307464403171
2.678e-06,0.0018545454545454544,0.0007380564156805852
2.68e-06,0.001745454545454545,0.0005802820630755983
2.682e-06,0.0019272727272727273,0.0005236237372215073
2.684e-06,0.0019454545454545451,0.0003908033683673577
2.686e-06,0.0017818181818181817,0.0006415889366536519
2.688e-06,0.0018727272727272727,0.0008730302504391346
2.69e-06,0.0020363636363636365,0.0007256345185735409
2.692e-06,0.002036363636363636,0.0005852738286865855
2.694e-06,0.0019272727272727276,0.0006768912897813194
2.696e-06,0.0019454545454545456,0.0007750659795961068
2.698e-06,0.001981818181818182,0.0008738628975053028
2.7e-06,0.0016727272727272728,0.0008161996190772317
2.702e-06,0.0016545454545454545,0.0008004544163956326
2.704e-06,0.0018000000000000002,0.0007589466384404111
2.706e-06,0.0016545454545454543,0.0006072291764459878
2.708e-06,0.0017818181818181817,0.0006539391130956793
2.71e-06,0.0020909090909090908,0.0008960519465461203
2.712e-06,0.002127272727272727,0.0007603826787755085
2.714e-06,0.0017636363636363637,0.0006500349640945897
2.716e-06,0.0016,0.000737563556583431
2.718e-06,0.0018363636363636362,0.000763246653805606
2.72e-06,0.0016363636363636363,0.000731126155013931
2.722e-06,0.0017090909090909092,0.0007395330221897403
2.724e-06,0.0016909090909090908,0.0005393598899705936
2.726e-06,0.0017272727272727272,0.0004670993664969138
2.728e-06,0.0017818181818181817,0.0004423079963513701
2.73e-06,0.0016545454545454545,0.000732616729762072
2.732e-06,0.0017272727272727275,0.0006768912897813195
2.734e-06,0.0017818181818181815,0.0007236272269866326
2.736e-06,0.001890909090909091,0.0007968118290469155
2.738e-06,0.0017636363636363637,0.0007990903919741836
2.74e-06,0.001909090909090909,0.0007555852638247327
2.742e-06,0.0018909090909090909,0.0005243177385031817
2.744e-06,0.0016909090909090908,0.000864239024176235
2.746e-06,0.0018363636363636366,0.00092873325263256
2.748e-06,0.001745454545454545,0.0007271363508498752
2.75e-06,0.0017272727272727268,0.0007497878487824527
2.752e-06,0.0018363636363636362,0.0008663402648760211
2.754e-06,0.0017454545454545457,0.0005939084716749481
2.756e-06,0.0017454545454545453,0.000529837024685207
2.758e-06,0.0017999999999999997,0.0006811754546370561
2.76e-06,0.0017090909090909092,0.0008360078294544201
2.762e-06,0.0017454545454545453,0.0009469568483976833
2.764e-06,0.0018909090909090909,0.0007764722087165071
2.766e-06,0.002018181818181818,0.0008316467781674885
2.768e-06,0.002036363636363636,0.0006249363603963643
2.77e-06,0.0017818181818181822,0.0006096198517407087
2.772e-06,0.0018909090909090909,0.000546725791333362
2.774e-06,0.0019272727272727276,0.0006149648918286459
2.776e-06,0.0019999999999999996,0.0007589466384404111
2.778e-06,0.0020181818181818187,0.0008364426840115009
2.78e-06,0.0018181818181818182,0.0008022695081058256
2.782e-06,0.0018000000000000002,0.000644980619863884
2.784e-06,0.001909090909090909,0.0007968118290469156
2.786e-06,0.0018727272727272727,0.0007281358514603014
2.788e-06,0.001581818181818182,0.0005758787751223027
2.79e-06,0.0016545454545454545,0.0006638729341728527
2.792e-06,0.0018909090909090909,0.0007660999222745626
2.794e-06,0.0020545454545454543,0.0007434563018276682
2.796e-06,0.0018727272727272727,0.0007170647238442414
2.798e-06,0.0017818181818181822,0.0007613385341859189
2.8e-06,0.0018727272727272724,0.001063100097912618
2.802e-06,0.0018727272727272727,0.0007603826787755084
2.804e-06,0.0019272727272727276,0.0005815340215170718
2.806e-06,0.001818181818181818,0.0006030226891555273
2.808e-06,0.0018909090909090909,0.0007231245334719953
2.81e-06,0.0017999999999999997,0.0007211102550927978
2.812e-06,0.0015454545454545452,0.0006698710866482242
2.814e-06,0.0017272727272727272,0.0007444338910755059
2.816e-06,0.0017272727272727272,0.0009603029824913688
2.818e-06,0.0018545454545454546,0.000988295134424567
2.82e-06,0.0017454545454545453,0.0009125389157330621
2.822e-06,0.0017818181818181817,0.0008121800069174096
2.824e-06,0.0018363636363636366,0.0011307278428275545
2.826e-06,0.001909090909090909,0.0008117321546600769
2.828e-06,0.0018727272727272727,0.0008063385257953498
2.83e-06,0.0019454545454545456,0.0007488172492185745
2.832e-06,0.002,0.0008049844718999242
2.834e-06,0.0018363636363636366,0.0009584077704951347
2.836e-06,0.0018727272727272727,0.0009045340337332908
2.838e-06,0.0019636363636363636,0.0008285803850837011
2.84e-06,0.0018363636363636362,0.0008040805025278592
2.842e-06,0.0020727272727272725,0.0009177046464859041
2.844e-06,0.0021090909090909094,0.0009771945000403405
2.846e-06,0.001981818181818182,0.0005963525497860838
2.848e-06,0.0019454545454545454,0.0006990903180042424
2.85e-06,0.0019272727272727273,0.0007708319000805675
2.852e-06,0.0019999999999999996,0.0007266360849833979
2.854e-06,0.0019636363636363636,0.0007990903919741837
2.856e-06,0.001909090909090909,0.0009181008065071565
2.858e-06,0.0018181818181818182,0.0008964576753178944
2.86e-06,0.0020545454545454543,0.0009341987329938277
2.862e-06,0.0020363636363636365,0.0009584077704951347
2.864e-06,0.001981818181818182,0.0008459529322819109
2.866e-06,0.0020727272727272725,0.000711464558626653
2.868e-06,0.002,0.000565685424949238
2.87e-06,0.0020363636363636365,0.0005987866519432898
2.872e-06,0.0020545454545454543,0.0007646746188590757
2.874e-06,0.0019818181818181814,0.0008268230546110597
2.876e-06,0.0020363636363636365,0.0008663402648760211
2.878e-06,0.001818181818181818,0.0008506681865665152
2.88e-06,0.0019090909090909095,0.0007006490497453707
2.882e-06,0.001981818181818182,0.0008121800069174097
2.884e-06,0.0019454545454545454,0.0006933449882470291
2.886e-06,0.002,0.0007536577472566708
2.888e-06,0.0017818181818181817,0.0006477934575436554
2.89e-06,0.0018727272727272727,0.00044066066103274774
2.892e-06,0.0020545454545454543,0.0005663278844691233
2.894e-06,0.0018727272727272727,0.0006404543841537961
2.896e-06,0.002,0.0006131883886702356
2.898e-06,0.0017090909090909092,0.0005539937643232916
2.9e-06,0.0016727272727272728,0.0006018154353137
2.902e-06,0.0019636363636363636,0.0006313045655984555
2.904e-06,0.0020545454545454543,0.0006517110346827593
2.906e-06,0.0019090909090909095,0.0006220201692140625
2.908e-06,0.001981818181818182,0.0007124860445204268
2.91e-06,0.0019090909090909091,0.0006024193646531383
2.912e-06,0.0017818181818181822,0.0004423079963513701
2.914e-06,0.001927272727272727,0.0008112840551753855
2.916e-06,0.0018545454545454544,0.0007853198537712342
2.918e-06,0.0018727272727272727,0.0006827750860875183
2.92e-06,0.001909090909090909,0.0007917759095281259
2.922e-06,0.0018181818181818182,0.0007180782433943836
2.924e-06,0.001763636363636364,0.00092873325263256
2.926e-06,0.0016363636363636365,0.0007579877667518483
2.928e-06,0.0014727272727272727,0.0005159281133857878
2.93e-06,0.0016,0.0006260990336999411
2.932e-06,0.001690909090909091,0.0006220201692140625
2.934e-06,0.0016545454545454545,0.0006202638734661827
2.936e-06,0.0017454545454545457,0.0006202638734661827
2.938e-06,0.0018727272727272727,0.0004314879119764749
2.94e-06,0.0018000000000000002,0.0005513619500836089
2.942e-06,0.0019090909090909091,0.000683307464403171
2.944e-06,0.0017454545454545453,0.0006990903180042424
2.946e-06,0.0016363636363636365,0.0007419875029577349
2.948e-06,0.0016727272727272728,0.0005746144952764576
2.95e-06,0.001672727272727273,0.0006886086103018305
2.952e-06,0.0017636363636363633,0.0005852738286865855
2.954e-06,0.0017636363636363633,0.0006313045655984554
2.956e-06,0.001563636363636364,0.0005427204202399744
2.958e-06,0.0015454545454545456,0.0006266795614405122
2.96e-06,0.0015272727272727276,0.0006528260244366934
2.962e-06,0.0017090909090909092,0.000694916607161673
2.964e-06,0.0017090909090909088,0.000717571662559978
2.966e-06,0.0016545454545454545,0.000607229176445988
2.968e-06,0.001563636363636364,0.00059878665194329
2.97e-06,0.001618181818181818,0.0008022695081058258
2.972e-06,0.0017818181818181817,0.0005758787751223027
2.974e-06,0.0016363636363636363,0.0005427204202399746
2.976e-06,0.0016545454545454545,0.0004987256487561802
2.978e-06,0.0016727272727272728,0.0005883721765870801
2.98e-06,0.0015636363636363636,0.0006313045655984555
2.982e-06,0.0015090909090909087,0.0006024193646531384
2.984e-06,0.0016,0.0007429670248402684
2.986e-06,0.0014909090909090907,0.0006714976477316141
2.988e-06,0.001672727272727273,0.000595131765394705
2.99e-06,0.0014727272727272727,0.000711464558626653
2.992e-06,0.0015454545454545456,0.0005222329678670935
2.994e-06,0.0015454545454545456,0.0005373334837205595
2.996e-06,0.0015454545454545456,0.0005145165427148799
2.998e-06,0.0017636363636363637,0.0005201398413363992
3e-06,0.0015454545454545456,0.00045686679976473745
3.002e-06,0.0015090909090909091,0.0005393598899705936
3.004e-06,0.0014545454545454547,0.0005447267872312439
3.006e-06,0.0014363636363636362,0.0004080998095386159
3.008e-06,0.0017090909090909092,0.0006284179269475775
3.01e-06,0.0014,0.0006449806198638839
3.012e-06,0.0013090909090909093,0.000734104277953133
3.014e-06,0.0015272727272727272,0.0006466697906828633
3.016e-06,0.0017454545454545457,0.0004824181513244217
3.018e-06,0.0016909090909090908,0.0006774282920790148
3.02e-06,0.0015272727272727272,0.000781141356082123
3.022e-06,0.0016363636363636365,0.0005201398413363992
3.024e-06,0.0016545454545454545,0.0005222329678670935
3.026e-06,0.0016363636363636363,0.0005783990443849769
3.028e-06,0.001618181818181818,0.0005896069569097397
3.03e-06,0.0017272727272727272,0.0005746144952764576
3.032e-06,0.0017090909090909088,0.0005166324524350855
3.034e-06,0.0014545454545454547,0.0006817090821804216
3.036e-06,0.0014909090909090911,0.0006714976477316141
3.038e-06,0.0014909090909090907,0.0006472318679647124
3.04e-06,0.0017090909090909092,0.0006090230627070627
3.042e-06,0.0017090909090909092,0.00047634975691091826
3.044e-06,0.001527272727272727,0.0006709558988352499
3.046e-06,0.0017090909090909088,0.0005539937643232917
3.048e-06,0.0014727272727272727,0.0005159281133857877
3.05e-06,0.0016181818181818185,0.0005250108223992756
3.052e-06,0.0015272727272727276,0.0004921197193588346
3.054e-06,0.0015818181818181816,0.0005963525497860838
3.056e-06,0.0017090909090909092,0.0006533828057954165
3.058e-06,0.0016727272727272728,0.0006214352888127759
3.06e-06,0.0016727272727272728,0.0004921197193588347
3.062e-06,0.0015818181818181816,0.0005016336946780625
3.064e-06,0.001618181818181818,0.000635323825805678
3.066e-06,0.001581818181818182,0.0006161463816629646
3.068e-06,0.001618181818181818,0.0005618152397687017
3.07e-06,0.0015818181818181816,0.0004771125272264014
3.072e-06,0.0015454545454545456,0.00040090806019244955
3.074e-06,0.0016545454545454545,0.0004568667997647375
3.076e-06,0.0016363636363636363,0.0004631905164675271
3.078e-06,0.001472727272727273,0.0004839233598224188
3.08e-06,0.0015636363636363636,0.0004631905164675272
3.082e-06,0.0016727272727272728,0.00044964632566253464
3.084e-06,0.001981818181818182,0.0004935953440181174
3.086e-06,0.0018181818181818182,0.0004686537780028703
3.088e-06,0.0015272727272727276,0.000531207886031277
3.09e-06,0.0017272727272727272,0.0005386852682056733
3.092e-06,0.0017818181818181822,0.0005618152397687017
3.094e-06,0.0017090909090909088,0.000717571662559978
3.096e-06,0.0017454545454545453,0.0006817090821804215
3.098e-06,0.0015090909090909094,0.0006284179269475775
3.1e-06,0.0016909090909090908,0.0006284179269475775
3.102e-06,0.0016727272727272728,0.0005236237372215072
3.104e-06,0.0017636363636363637,0.0004544727214536143
3.106e-06,0.0018181818181818182,0.0006289963144855171
3.108e-06,0.001690909090909091,0.0006410219114110616
3.11e-06,0.0015090909090909091,0.0004846742111038
3.112e-06,0.0015999999999999999,0.0004898979485566356
3.114e-06,0.0016545454545454545,0.000607229176445988
3.116e-06,0.0017090909090909095,0.0005088311025370707
3.118e-06,0.0015090909090909087,0.0006714976477316141
3.12e-06,0.0013636363636363635,0.0005572660536453432
3.122e-06,0.0013818181818181818,0.0006477934575436553
3.124e-06,0.0015454545454545456,0.0006517110346827593
3.126e-06,0.0015636363636363636,0.0004177863742936748
3.128e-06,0.0015090909090909091,0.0002736952518935813
3.13e-06,0.0016363636363636365,0.0004717472358641378
3.132e-06,0.0015999999999999999,0.0003687817782917155
3.134e-06,0.0014545454545454547,0.0004107642544419764
3.136e-06,0.0016,0.0004898979485566356
3.138e-06,0.0016,0.0004898979485566356
3.14e-06,0.0017636363636363637,0.00028025961989814826
3.142e-06,0.0017999999999999997,0.0004732863826479692
3.144e-06,0.0014363636363636364,0.00047174723586413785
3.146e-06,0.0013636363636363635,0.0004365151252195673
3.148e-06,0.0016727272727272728,0.0003379080025418431
3.15e-06,0.001672727272727273,0.0003495451590021212
3.152e-06,0.001581818181818182,0.0003842347767138779
3.154e-06,0.0014,0.00040987803063838394
3.156e-06,0.001290909090909091,0.00047634975691091826
3.158e-06,0.0014000000000000002,0.0004979959839195493
3.16e-06,0.0014,0.00041952353926806064
3.162e-06,0.0015818181818181816,0.0002600699206681996
3.164e-06,0.0017454545454545453,0.00032361593398235616
3.166e-06,0.0016363636363636363,0.0005572660536453432
3.168e-06,0.0014545454545454542,0.0004568667997647375
3.17e-06,0.0014363636363636362,0.00040809980953861587
3.172e-06,0.0013636363636363637,0.0006561596258117796
3.174e-06,0.0014727272727272727,0.0006278390065787712
3.176e-06,0.0015090909090909091,0.0004134115273055299
3.178e-06,0.0015818181818181816,0.0006226045001735561
3.18e-06,0.0015090909090909091,0.0006347512039445777
3.182e-06,0.0015090909090909091,0.0006284179269475775
3.184e-06,0.0015272727272727276,0.0005386852682056733
3.186e-06,0.0015454545454545456,0.0006698710866482242
3.188e-06,0.0015090909090909091,0.0004592483978296396
3.19e-06,0.0014545454545454547,0.0004297991074063239
3.192e-06,0.0012727272727272728,0.0006709558988352499
3.194e-06,0.0013999999999999998,0.000726636084983398
3.196e-06,0.0015636363636363636,0.0006622276455611429
3.198e-06,0.0015454545454545456,0.0005592202363356254
3.2e-06,0.0016363636363636363,0.000564398311961911
3.202e-06,0.0016909090909090908,0.0006284179269475775
3.204e-06,0.0013272727272727273,0.0005236237372215073
3.206e-06,0.0012727272727272726,0.0004125309905713972
3.208e-06,0.0012727272727272728,0.0005159281133857875
3.21e-06,0.0013818181818181818,0.0006353238258056781
3.212e-06,0.0014909090909090907,0.0006284179269475775
3.214e-06,0.0014545454545454547,0.0007104416040233515
3.216e-06,0.001381818181818182,0.0007922350431761799
3.218e-06,0.001290909090909091,0.0007341042779531331
3.22e-06,0.0015272727272727272,0.000776003748819436
3.222e-06,0.0014545454545454547,0.0005145165427148798
3.224e-06,0.0015272727272727272,0.0006214352888127758
3.226e-06,0.0014909090909090911,0.0006594763763085763
3.228e-06,0.0013272727272727273,0.00042211588240886904
3.23e-06,0.0014181818181818182,0.00047711252722640145
3.232e-06,0.0014,0.0004
3.234e-06,0.0014727272727272727,0.0006214352888127759
3.236e-06,0.0015090909090909091,0.0005393598899705936
3.238e-06,0.0014727272727272727,0.00047558576322448746
3.24e-06,0.0015636363636363636,0.000512391895472064
3.242e-06,0.0013636363636363635,0.0004365151252195673
3.244e-06,0.0013818181818181822,0.0004935953440181175
3.246e-06,0.0014181818181818182,0.0005095452518043552
3.248e-06,0.001472727272727273,0.0006084256882987586
3.25e-06,0.0014909090909090911,0.0005752469825293227
3.252e-06,0.0014363636363636364,0.000564398311961911
3.254e-06,0.001290909090909091,0.0006594763763085763
3.256e-06,0.0013272727272727273,0.0004921197193588347
3.258e-06,0.0013454545454545453,0.0004987256487561802
3.26e-06,0.0011818181818181819,0.0004686537780028704
3.262e-06,0.0014363636363636362,0.000512391895472064
3.264e-06,0.0013454545454545455,0.0004203894298472224
3.266e-06,0.001309090909090909,0.0003727050991187146
3.268e-06,0.001472727272727273,0.00039265992688561715
3.27e-06,0.0015090909090909094,0.0005539937643232917
3.272e-06,0.0015999999999999999,0.0004647580015448901
3.274e-06,0.0015090909090909091,0.0003144981572427586
3.276e-06,0.0013636363636363635,0.00045447272145361444
3.278e-06,0.0015636363636363636,0.00046319051646752726
3.28e-06,0.0017090909090909088,0.0004846742111038
3.282e-06,0.0013636363636363635,0.000564398311961911
3.284e-06,0.0013272727272727273,0.0006943931294172042
3.286e-06,0.0015272727272727272,0.0004839233598224188
3.288e-06,0.0017818181818181822,0.00036281725928677047
3.29e-06,0.001618181818181818,0.0004238353024894972
3.292e-06,0.0015818181818181816,0.00035161962919661306
3.294e-06,0.0013272727272727273,0.00044066066103274774
3.296e-06,0.0013636363636363637,0.0005277740563398834
3.298e-06,0.001618181818181818,0.00031565228279922775
3.3e-06,0.0016000000000000005,0.00047328638264796925
3.302e-06,0.001290909090909091,0.00032696955654783964
3.304e-06,0.0016363636363636365,0.00039817766706013856
3.306e-06,0.001690909090909091,0.0004229764661409555
3.308e-06,0.0017454545454545453,0.0004655397649259113
3.31e-06,0.0017818181818181817,0.0004423079963513701
3.312e-06,0.0017818181818181822,0.00039450774851245145
3.314e-06,0.0017454545454545457,0.0005145165427148798
3.316e-06,0.0016909090909090908,0.00044148509704076185
3.318e-06,0.0014909090909090907,0.000546725791333362
3.32e-06,0.0016727272727272728,0.0003823373094295379
3.322e-06,0.0017636363636363637,0.0005277740563398836
3.324e-06,0.0016545454545454543,0.0006006057548236386
3.326e-06,0.0016545454545454543,0.0005939084716749482
3.328e-06,0.0016181818181818185,0.000695439690869283
3.33e-06,0.0016181818181818179,0.0007613385341859189
3.332e-06,0.0015272727272727276,0.0006768912897813195
3.334e-06,0.0015454545454545456,0.0007541400882642912
3.336e-06,0.0017090909090909092,0.000450454316117729
3.338e-06,0.0016545454545454545,0.0005871347994517721
3.34e-06,0.0014909090909090911,0.0007175716625599779
3.342e-06,0.0013454545454545457,0.0002841254524453463
3.344e-06,0.0015272727272727272,0.0003926599268856172
3.346e-06,0.0014909090909090907,0.0004678772177709564
3.348e-06,0.0014,0.0006633249580710799
3.35e-06,0.0014,0.0005059644256269407
3.352e-06,0.0013454545454545455,0.0005298370246852071
3.354e-06,0.0014727272727272727,0.0005676106219776178
3.356e-06,0.0015818181818181816,0.0005400336689840399
3.358e-06,0.0016545454545454543,0.0004906396567005899
3.36e-06,0.001818181818181818,0.0003280798129058898
3.362e-06,0.0016363636363636363,0.0003775519229794156
3.364e-06,0.0015818181818181816,0.00046003952399371477
3.366e-06,0.0017090909090909095,0.0005009082659620331
3.368e-06,0.0016727272727272728,0.00038233730942953783
3.37e-06,0.0017090909090909092,0.00032696955654783964
3.372e-06,0.0017090909090909088,0.000450454316117729
3.374e-06,0.0016,0.00037947331922020557
3.376e-06,0.0015636363636363636,0.0004717472358641379
3.378e-06,0.0017636363636363637,0.000571441558293982
3.38e-06,0.001690909090909091,0.0005393598899705936
3.382e-06,0.001381818181818182,0.0004854239009735343
3.384e-06,0.0015454545454545452,0.000693344988247029
3.386e-06,0.0015454545454545456,0.00040090806019244955
3.388e-06,0.0017454545454545457,0.0005733474275927928
3.39e-06,0.0017818181818181817,0.0005758787751223027
3.392e-06,0.0018181818181818186,0.0004771125272264014
3.394e-06,0.0016727272727272728,0.000431487911976475
3.396e-06,0.0013454545454545453,0.000675816005083686
3.398e-06,0.0012545454545454546,0.0006933449882470291
3.4e-06,0.0016909090909090908,0.0005166324524350855
3.402e-06,0.0016181818181818179,0.0004686537780028703
3.404e-06,0.001563636363636364,0.00036680438185149116
3.406e-06,0.0015090909090909094,0.0005009082659620331
3.408e-06,0.0015636363636363636,0.000703239258393226
3.41e-06,0.0016181818181818179,0.0007665744345048064
3.412e-06,0.0016727272727272728,0.0006278390065787711
3.414e-06,0.0016,0.0006633249580710799
3.416e-06,0.0014181818181818182,0.0005618152397687015
3.418e-06,0.0012181818181818181,0.0006353238258056781
3.42e-06,0.0014181818181818182,0.000568890467169528
3.422e-06,0.0016181818181818185,0.0004854239009735343
3.424e-06,0.001472727272727273,0.00047558576322448746
3.426e-06,0.0015454545454545456,0.000607229176445988
3.428e-06,0.001690909090909091,0.0006220201692140625
3.43e-06,0.0015818181818181816,0.0007665744345048063
3.432e-06,0.0014181818181818182,0.0005325752187591568
3.434e-06,0.0016727272727272728,0.0005883721765870801
3.436e-06,0.0016363636363636363,0.0005852738286865855
3.438e-06,0.0013636363636363637,0.0007473589863950621
3.44e-06,0.001381818181818182,0.0005173358325462906
3.442e-06,0.0014545454545454547,0.0006393178182463498
3.444e-06,0.001472727272727273,0.000531207886031277
3.446e-06,0.0014909090909090911,0.0005752469825293227
3.448e-06,0.0014545454545454547,0.00042038942984722245
3.45e-06,0.0014545454545454547,0.0006758160050836861
3.452e-06,0.0016363636363636365,0.000637609170688012
3.454e-06,0.0015090909090909091,0.000432329840410179
3.456e-06,0.0012181818181818181,0.00036281725928677047
3.458e-06,0.0012545454545454546,0.00031101008460703125
3.46e-06,0.0013454545454545453,0.0003236159339823562
3.462e-06,0.0015090909090909091,0.0004846742111038
3.464e-06,0.0017090909090909092,0.0006155559202128518
3.466e-06,0.0012727272727272726,0.00043148791197647495
3.468e-06,0.0012000000000000001,0.00046475800154489004
3.47e-06,0.0013454545454545457,0.0004906396567005899
3.472e-06,0.0015090909090909094,0.0004592483978296396
3.474e-06,0.0013636363636363637,0.0003557322793133265
3.476e-06,0.0014909090909090911,0.0006714976477316141
3.478e-06,0.001381818181818182,0.0004686537780028704
3.48e-06,0.0013090909090909093,0.0006347512039445777
3.482e-06,0.0015272727272727276,0.0005676106219776178
3.484e-06,0.0014363636363636364,0.0006500349640945897
3.486e-06,0.0012909090909090908,0.0006155559202128518
3.488e-06,0.001309090909090909,0.0004678772177709563
3.49e-06,0.0014,0.00040987803063838394
3.492e-06,0.0014363636363636364,0.0003443043051509153
3.494e-06,0.001309090909090909,0.0005821589910918588
3.496e-06,0.001109090909090909,0.0005682509048906926
3.498e-06,0.0013454545454545457,0.0005066826153789695
3.5e-06,0.0013454545454545455,0.0004203894298472224
3.502e-06,0.0012181818181818181,0.00039450774851245145
3.504e-06,0.0012,0.0004289522117905443
3.506e-06,0.0014545454545454547,0.000529837024685207
3.508e-06,0.0015636363636363636,0.0004365151252195673
3.51e-06,0.0012909090909090908,0.00035058392848088594
3.512e-06,0.0014,0.0004732863826479693
3.514e-06,0.0013454545454545455,0.0004297991074063239
3.516e-06,0.0013636363636363637,0.0003668043818514912
3.518e-06,0.0012727272727272728,0.0005386852682056734
3.52e-06,0.0011454545454545456,0.0006006057548236386
3.522e-06,0.0012363636363636364,0.0006185025905729534
3.524e-06,0.0013454545454545455,0.0006137811277053675
3.526e-06,0.0013818181818181818,0.0006838394282551742
3.528e-06,0.0013818181818181818,0.0005173358325462908
3.53e-06,0.001327272727272727,0.0004221158824088691
3.532e-06,0.0013818181818181818,0.0005325752187591568
3.534e-06,0.0011636363636363637,0.0004272533844751316
3.536e-06,0.0011272727272727272,0.0004125309905713972
3.538e-06,0.0012181818181818181,0.00047711252722640145
3.54e-06,0.0012545454545454546,0.0005447267872312438
3.542e-06,0.0011454545454545456,0.0005145165427148799
3.544e-06,0.0012727272727272728,0.0005676106219776179
3.546e-06,0.0013818181818181818,0.0007717748140723198
3.548e-06,0.0012181818181818183,0.0007236272269866327
3.55e-06,0.001,0.0006985699678629193
3.552e-06,0.0012181818181818181,0.0006838394282551744
3.554e-06,0.001290909090909091,0.0005318919917700312
3.556e-06,0.0012363636363636364,0.0006185025905729535
3.558e-06,0.0012,0.0006260990336999411
3.56e-06,0.0012363636363636364,0.0006120011883529757
3.562e-06,0.0012,0.00078993670632526
3.564e-06,0.0012545454545454546,0.0007380564156805852
3.566e-06,0.0012545454545454544,0.000358785831279989
3.568e-06,0.0012,0.0006196773353931866
3.57e-06,0.0012000000000000001,0.0006000000000000001
3.572e-06,0.0012,0.0005727128425310541
3.574e-06,0.0013272727272727273,0.000546060269733862
3.576e-06,0.0014545454545454547,0.0005592202363356254
3.578e-06,0.0011272727272727276,0.0006827750860875185
3.58e-06,0.001072727272727273,0.00046709936649691377
3.582e-06,0.0009454545454545455,0.0005592202363356255
3.584e-06,0.0009272727272727272,0.0004755857632244874
3.586e-06,0.0011454545454545454,0.0005939084716749482
3.588e-06,0.0012181818181818181,0.000451260859854213
3.59e-06,0.0011818181818181817,0.0004771125272264014
3.592e-06,0.0010727272727272727,0.00048392335982241875
3.594e-06,0.0010727272727272727,0.000360807175901226
3.596e-06,0.0009272727272727273,0.0005460602697338621
3.598e-06,0.0010181818181818183,0.0004142901925418507
3.6e-06,0.0010545454545454547,0.0004906396567005899
3.602e-06,0.0011454545454545454,0.0002544155512685353
3.604e-06,0.0010363636363636365,0.00032022719207689803
3.606e-06,0.0010727272727272727,0.00044964632566253464
3.608e-06,0.0011818181818181819,0.0004142901925418507
3.61e-06,0.0010363636363636365,0.00036680438185149116
3.612e-06,0.0010181818181818183,0.000373679493197531
3.614e-06,0.0010181818181818183,0.00035161962919661295
3.616e-06,0.0009999999999999998,0.0005727128425310541
3.618e-06,0.0010181818181818183,0.00036281725928677047
3.62e-06,0.0012181818181818181,0.00031565228279922775
3.622e-06,0.0011818181818181819,0.0004686537780028704
3.624e-06,0.0011636363636363637,0.0004717472358641379
3.626e-06,0.0011454545454545454,0.00044802597327306013
3.628e-06,0.0012545454545454546,0.0005066826153789695
3.63e-06,0.001290909090909091,0.0004846742111038
3.632e-06,0.0012,0.000565685424949238
3.634e-06,0.0011818181818181819,0.0006477934575436553
3.636e-06,0.0011454545454545454,0.00042038942984722245
3.638e-06,0.001072727272727273,0.0003495451590021212
3.64e-06,0.0011636363636363634,0.00041778637429367484
3.642e-06,0.0012000000000000001,0.00045607017003965514
3.644e-06,0.0012181818181818181,0.0005473905037871626
3.646e-06,0.001090909090909091,0.000492858083944142
3.648e-06,0.0013090909090909093,0.000683307464403171
3.65e-06,0.0013818181818181818,0.0006954396908692827
3.652e-06,0.0011090909090909092,0.0004592483978296396
3.654e-06,0.0013272727272727275,0.0004027180380636286
3.656e-06,0.0013636363636363635,0.00047174723586413796
3.658e-06,0.0014,0.000644980619863884
3.66e-06,0.0012727272727272728,0.00044964632566253464
3.662e-06,0.0011090909090909087,0.0004678772177709564
3.664e-06,0.0012181818181818183,0.00034005347173108474
3.666e-06,0.0012727272727272728,0.00039265992688561715
3.668e-06,0.0011272727272727274,0.0005605192397962966
3.67e-06,0.0011090909090909094,0.0006533828057954165
3.672e-06,0.001109090909090909,0.0005318919917700312
3.674e-06,0.001109090909090909,0.00043232984041017907
3.676e-06,0.0010909090909090907,0.0006472318679647124
3.678e-06,0.001072727272727273,0.0004125309905713972
3.68e-06,0.0009636363636363637,0.00038800187440971793
3.682e-06,0.0011818181818181817,0.00032807981290588974
3.684e-06,0.0010545454545454545,0.0004009080601924495
3.686e-06,0.0012363636363636364,0.0004365151252195673
3.688e-06,0.0013636363636363637,0.0004717472358641379
3.69e-06,0.0011818181818181817,0.0005758787751223027
3.692e-06,0.001090909090909091,0.00044148509704076185
3.694e-06,0.0010181818181818183,0.00047711252722640145
3.696e-06,0.001090909090909091,0.00039358492210587906
3.698e-06,0.001090909090909091,0.0005318919917700312
3.7e-06,0.0011454545454545456,0.0005447267872312438
3.702e-06,0.0009636363636363637,0.0005572660536453432
3.704e-06,0.0012,0.0004
3.706e-06,0.0011818181818181819,0.00034005347173108474
3.708e-06,0.0012363636363636364,0.00044558439665842714
3.71e-06,0.0011454545454545456,0.0003804303782918403
3.712e-06,0.0009818181818181818,0.00045126085985421294
3.714e-06,0.0009818181818181818,0.0004331701324380106
3.716e-06,0.0011818181818181819,0.000351619629196613
3.718e-06,0.0011818181818181819,0.00031565228279922775
3.72e-06,0.001109090909090909,0.00044148509704076185
3.722e-06,0.0011818181818181819,0.0004686537780028703
3.724e-06,0.0012727272727272728,0.00046709936649691377
3.726e-06,0.0012363636363636364,0.0005277740563398834
3.728e-06,0.0011454545454545456,0.000607229176445988
3.73e-06,0.001109090909090909,0.0005611676139168143
3.732e-06,0.0011454545454545454,0.00034745830358083645
3.734e-06,0.0009090909090909093,0.000450454316117729
3.736e-06,0.0009090909090909091,0.0005682509048906926
3.738e-06,0.0010727272727272725,0.0004921197193588346
3.74e-06,0.0013090909090909093,0.0005539937643232917
3.742e-06,0.0013090909090909093,0.0005243177385031817
3.744e-06,0.0011818181818181817,0.0005688904671695277
3.746e-06,0.0009272727272727273,0.0005159281133857878
3.748e-06,0.0009090909090909091,0.0005889898903284256
3.75e-06,0.0009818181818181818,0.000582783290457408
3.752e-06,0.0010545454545454545,0.000358785831279989
3.754e-06,0.0011272727272727274,0.0004839233598224188
3.756e-06,0.0010727272727272727,0.0005001817851359825
3.758e-06,0.0011818181818181819,0.0005095452518043552
3.76e-06,0.0010363636363636365,0.0005201398413363992
3.762e-06,0.001072727272727273,0.0005386852682056733
3.764e-06,0.001290909090909091,0.00039358492210587906
3.766e-06,0.0012181818181818181,0.0005400336689840399
3.768e-06,0.0009272727272727272,0.0006018154353136999
3.77e-06,0.0011090909090909092,0.0005957424702915606
3.772e-06,0.0011090909090909092,0.0005752469825293227
3.774e-06,0.0012545454545454546,0.0005145165427148798
3.776e-06,0.001127272727272727,0.0004755857632244874
3.778e-06,0.0009636363636363638,0.0003324837658374534
3.78e-06,0.001109090909090909,0.00043232984041017907
3.782e-06,0.001090909090909091,0.0004846742111038
3.784e-06,0.0012909090909090908,0.0006714976477316141
3.786e-06,0.0012545454545454546,0.0006517110346827593
3.788e-06,0.0011454545454545454,0.0005663278844691234
3.79e-06,0.0011090909090909092,0.0005611676139168145
3.792e-06,0.0011636363636363637,0.00048015149124568443
3.794e-06,0.001181818181818182,0.0005016336946780625
3.796e-06,0.0012,0.0004647580015448901
3.798e-06,0.0011636363636363637,0.0004801514912456844
3.8e-06,0.0011454545454545454,0.0008813213220654954
3.802e-06,0.001290909090909091,0.0006594763763085763
3.804e-06,0.001090909090909091,0.0006594763763085763
3.806e-06,0.0010363636363636365,0.0005572660536453432
3.808e-06,0.0010545454545454545,0.0007903969083487565
3.81e-06,0.0011636363636363637,0.0008663402648760212
3.812e-06,0.0012,0.000737563556583431
3.814e-06,0.0011636363636363637,0.0005277740563398836
3.816e-06,0.0011272727272727274,0.0006278390065787711
3.818e-06,0.001,0.000681175454637056
3.82e-06,0.0011636363636363637,0.0007145246353663775
3.822e-06,0.001290909090909091,0.0006090230627070628
3.824e-06,0.0012,0.0006752777206453653
3.826e-06,0.0012727272727272728,0.0007058199615920608
3.828e-06,0.0011090909090909094,0.0005611676139168145
3.83e-06,0.001,0.0004898979485566357
3.832e-06,0.0010545454545454547,0.0006393178182463498
3.834e-06,0.0010727272727272727,0.0006466697906828633
3.836e-06,0.0011090909090909092,0.0008455229688832178
3.838e-06,0.0012727272727272728,0.0008545067689502629
3.84e-06,0.0012545454545454546,0.0005939084716749482
3.842e-06,0.0011454545454545452,0.0007954415583355403
3.844e-06,0.0010181818181818183,0.0006289963144855172
3.846e-06,0.0009818181818181818,0.0004600395239937147
3.848e-06,0.0012181818181818183,0.0006779648690281552
3.85e-06,0.0014363636363636362,0.0007145246353663774
3.852e-06,0.0013818181818181818,0.0006600275476344632
3.854e-06,0.0012,0.0006511528238439883
3.856e-06,0.0012181818181818183,0.00041429019254185057
3.858e-06,0.0011090909090909092,0.0003618136134933163
3.86e-06,0.001072727272727273,0.0005883721765870801
3.862e-06,0.0011454545454545454,0.0006875516509523286
3.864e-06,0.0011818181818181817,0.0007972680625964917
3.866e-06,0.0011454545454545454,0.0006202638734661827
3.868e-06,0.0012545454545454546,0.0004655397649259113
3.87e-06,0.0012181818181818181,0.0004331701324380106
3.872e-06,0.0011272727272727272,0.0005460602697338621
3.874e-06,0.0012,0.00046475800154489004
3.876e-06,0.0010909090909090907,0.0005166324524350855
3.878e-06,0.0011818181818181819,0.0004686537780028703
3.88e-06,0.0011272727272727274,0.0004125309905713972
3.882e-06,0.0009636363636363637,0.0006249363603963643
3.884e-06,0.0011454545454545454,0.000693344988247029
3.886e-06,0.0012727272727272728,0.0003608071759012259
3.888e-06,0.0012363636363636364,0.00029418608829354006
3.89e-06,0.0012363636363636366,0.0006313045655984555
3.892e-06,0.0010181818181818183,0.0005546497666423052
3.894e-06,0.0009090909090909091,0.0004846742111038
3.896e-06,0.0008545454545454546,0.0004740540820700448
3.898e-06,0.0011636363636363639,0.0005920687920718796
3.9e-06,0.0013272727272727273,0.0005746144952764576
3.902e-06,0.0011636363636363637,0.0005045249791095131
3.904e-06,0.0011636363636363637,0.0003443043051509152
3.906e-06,0.0012545454545454546,0.00018090680674665816
3.908e-06,0.0012,0.0005585696017507577
3.91e-06,0.0010363636363636363,0.0005987866519432898
3.912e-06,0.0010545454545454545,0.0005066826153789695
3.914e-06,0.0011272727272727272,0.0004670993664969138
3.916e-06,0.0011818181818181819,0.0005325752187591568
3.918e-06,0.0010909090909090907,0.0005243177385031818
3.92e-06,0.0008727272727272726,0.000360807175901226
3.922e-06,0.0010545454545454547,0.0003908033683673578
3.924e-06,0.001309090909090909,0.0005611676139168144
3.926e-06,0.0011636363636363637,0.0005427204202399746
3.928e-06,0.001309090909090909,0.0006410219114110616
3.93e-06,0.0011090909090909094,0.0005752469825293227
3.932e-06,0.0009636363636363638,0.00041778637429367484
3.934e-06,0.0009454545454545454,0.00047405408207004473
3.936e-06,0.001181818181818182,0.0004238353024894973
3.938e-06,0.0011272727272727272,0.00018488325554743505
3.94e-06,0.001072727272727273,0.00039265992688561715
3.942e-06,0.0011454545454545454,0.0005663278844691234
3.944e-06,0.0011636363636363637,0.000564398311961911
3.946e-06,0.0013454545454545453,0.00044802597327306013
3.948e-06,0.0012000000000000001,0.0005585696017507577
