Channel;Counts;
-90;11;
-70;19;
-50;30;
-30;56;
-10;77;
10;164;
30;245;
50;354;
70;512;
90;667;
110;795;
130;991;
150;1160;
170;1322;
190;1451;
210;1511;
230;1529;
250;1529;
270;1582;
290;1520;
310;1363;
330;1396;
350;1269;
370;1252;
390;1170;
410;1059;
430;1069;
450;1072;
470;1021;
490;932;
510;881;
530;855;
550;842;
570;720;
590;691;
610;706;
630;677;
650;645;
670;612;
690;591;
710;534;
730;532;
750;549;
770;458;
790;467;
810;408;
830;391;
850;393;
870;382;
890;347;
910;324;
930;311;
950;304;
970;274;
990;271;
1010;271;
1030;241;
1050;217;
1070;189;
1090;192;
1110;184;
1130;181; 
1150;163;
1170;161;
1190;157;
1210;158;
1230;149;
1250;139;
1270;124;
1290;117;
1310;109;
1330;127;
1350;103;
1370;96;
1390;85;
1410;92;
1430;75;
1450;77;
1470;89;
1490;95;
1510;92;
1530;74;
1550;78;
1570;97;
1590;72;
1610;83;
1630;65;
1650;74;
1670;78;
1690;58;
1710;62;
1730;63;
1750;72;
1770;69;
1790;75;
1810;73;
1830;77;
1850;73;
1870;74;
1890;60;
1910;75;
1930;66;
1950;65;
1970;73;
1990;50;
2010;59;
2030;49;
2050;53;
2070;49;
2090;58;
2110;38;
2130;35;
2150;48;
2170;36;
2190;36;
2210;44;
2230;35;
2250;21;
2270;43;
2290;36;
2310;31;
2330;25;
2350;25;
2370;30;
2390;27;
2410;21;
2430;22;
2450;32;
2470;37;
2490;30;
2510;23;
2530;17;
2550;22;
2570;22;
2590;23;
2610;15;
2630;19;
2650;12;
2670;23;
2690;19;
2710;12;
2730;22;
2750;14;
2770;19;
2790;25;
2810;17;
2830;14;
2850;10;
2870;21;
2890;22;
2910;15;
2930;15;
2950;20;
2970;14;
2990;20;
3010;19;
3030;17;
3050;12;
3070;18;
3090;11;
3110;13;
3130;14;
3150;17;
3170;19;
3190;15;
3210;11;
3230;10;
3250;16;
3270;10;
3290;16;
3310;14;
3330;16;
3350;15;
3370;10;
3390;13;
3410;10;
3430;17;
3450;11;
3470;15;
3490;17;
3510;11;
3530;9;
3550;6;
3570;17;
3590;16;
3610;14;
3630;8;
3650;16;
3670;11;
3690;13;
3710;12;
3730;13;
3750;11;
3770;11;
3790;7;
3810;11;
3830;11;
3850;10;
3870;9;
3890;14;
3910;11;
3930;12;
3950;9;
3970;9;
3990;7;
4010;6;
4030;7;
4050;11;
4070;9;
4090;7;
4110;7;
4130;10;
4150;3;
4170;7;
4190;7;
4210;9;
4230;7;
4250;6;
4270;9;
4290;4;
4310;10;
4330;7;
4350;2;
4370;11;
4390;5;
4410;3;
4430;7;
4450;5;
4470;13;
4490;6;
4510;7;
4530;11;
4550;2;
4570;5;
4590;8;
4610;5;
4630;9;
4650;4;
4670;8;
4690;5;
4710;6;
4730;10;
4750;5;
4770;9;
4790;7;
4810;11;
4830;6;
4850;9;
4870;2;
4890;8;
4910;8;
4930;4;
4950;8;
4970;8;
4990;7;
5010;6;
5030;13;
5050;7;
5070;4;
5090;6;
5110;4;
5130;7;
5150;4;
5170;7;
5190;8;
5210;9;
5230;7;
5250;5;
5270;7;
5290;5;
5310;5;
5330;15;
5350;10;
5370;8;
5390;3;
5410;5;
5430;7;
5450;6;
5470;4;
5490;5;
5510;4;
5530;10;
5550;10;
5570;5;
5590;2;
5610;10;
5630;8;
5650;6;
5670;2;
5690;4;
5710;1;
5730;1;
5750;5;
5770;2;
5790;4;
5810;7;
5830;4;
5850;3;
5870;3;
5890;3;
5910;3;
5930;2;
5950;4;
5970;1;
5990;2;
6010;2;
6030;2;
6050;3;
6070;2;
6090;2;
6110;2;
6130;2;
6150;1;
6170;2;
6190;3;
6210;4;
6230;3;
6250;2;
6270;1;
6290;3;
6310;2;
6330;2;
6350;0;
6370;4;
6390;3;
6410;0;
6430;1;
6450;0;
6470;2;
6490;2;
6510;3;
6530;3;
6550;3;
6570;2;
6590;1;
6610;1;
6630;1;
6650;5;
6670;2;
6690;1;
6710;2;
6730;1;
6750;1;
6770;0;
6790;0;
6810;3;
6830;2;
6850;1;
6870;1;
6890;3;
6910;0;
6930;2;
6950;0;
6970;2;
6990;1;
7010;2;
7030;0;
7050;0;
7070;0;
7090;0;
7110;1;
7130;0;
7150;2;
7170;0;
7190;2;
7210;0;
7230;1;
7250;1;
7270;0;
7290;1;
7310;0;
7330;4;
7350;1;
7370;1;
7390;1;
7410;1;
7430;1;
7450;0;
7470;0;
7490;0;
7510;0;
7530;0;
7550;1;
7570;0;
7590;1;
7610;0;
7630;0;
7650;0;
7670;0;
7690;0;
7710;0;
7730;2;
7750;2;
7770;3;
7790;3;
7810;2;
7830;1;
7850;1;
7870;1;
7890;1;
7910;0;
7930;1;
7950;0;
7970;0;
7990;0;
8010;0;
8030;0;
8050;1;
8070;2;
8090;1;
8110;1;
8130;0;
8150;1;
8170;1;
8190;0;
8210;0;
8230;0;
8250;0;
8270;0;
8290;0;
8310;1;
8330;2;
8350;0;
8370;0;
8390;0;
8410;1;
8430;1;
8450;0;
8470;0;
8490;3;
8510;0;
8530;1;
8550;0;
8570;0;
8590;0;
8610;2;
8630;2;
8650;1;
8670;1;
8690;2;
8710;2;
8730;0;
8750;0;
8770;0;
8790;0;
8810;0;
8830;1;
8850;0;
8870;0;
8890;0;
8910;1;
8930;0;
8950;0;
8970;0;
8990;0;
9010;0;
9030;3;
9050;3;
9070;0;
9090;1;
9110;0;
9130;1;
9150;0;
9170;1;
9190;1;
9210;0;
9230;0;
9250;0;
9270;0;
9290;3;
9310;0;
9330;1;
9350;1;
9370;0;
9390;1;
9410;1;
9430;0;
9450;1;
9470;1;
9490;1;
9510;1;
9530;0;
9550;1;
9570;0;
9590;0;
9610;1;
9630;0;
9650;1;
9670;0;
9690;0;
9710;1;
9730;0;
9750;0;
9770;0;
9790;0;
9810;0;
9830;1;
9850;0;
9870;0;
9890;0;
9910;0;
9930;2;
9950;0;
9970;0;
9990;0;
10010;0;
10030;0;
10050;0;
10070;0;
10090;0;
10110;1;
10130;0;
10150;0;
10170;0;
10190;0;
10210;0;
10230;0;
10250;0;
10270;0;
10290;0;
10310;0;
10330;0;
10350;0;
10370;0;
10390;0;
10410;0;
10430;0;
10450;0;
10470;0;
10490;0;
10510;0;
10530;0;
10550;0;
10570;0;
10590;0;
10610;0;
10630;1;
10650;0;
10670;1;
10690;0;
10710;0;
10730;0;
10750;0;
10770;0;
10790;0;
10810;1;
10830;0;
10850;0;
10870;1;
10890;0;
10910;0;
10930;0;
10950;0;
10970;1;
10990;0;
11010;0;
11030;0;
11050;0;
11070;0;
11090;0;
11110;0;
11130;0;
11150;0;
11170;0;
11190;0;
11210;0;
11230;0;
11250;0;
11270;0;
11290;0;
11310;0;
11330;0;
11350;0;
11370;0;
11390;0;
11410;0;
11430;0;
11450;1;
11470;0;
11490;0;
11510;0;
11530;0;
11550;0;
11570;0;
11590;1;
11610;0;
11630;0;
11650;0;
11670;0;
11690;0;
11710;0;
11730;0;
11750;1;
11770;0;
11790;0;
11810;1;
11830;0;
11850;0;
11870;0;
11890;1;
11910;0;
11930;0;
11950;0;
11970;0;
11990;0;
12010;0;
12030;0;
12050;0;
12070;0;
12090;0;
12110;0;
12130;0;
12150;0;
12170;0;
12190;0;
12210;0;
12230;0;
12250;0;
12270;0;
12290;0;
12310;0;
12330;0;
12350;0;
12370;0;
12390;0;
12410;0;
12430;0;
12450;0;
12470;0;
12490;1;
12510;2;
12530;0;
12550;0;
12570;0;
12590;0;
12610;1;
12630;0;
12650;0;
12670;0;
12690;0;
12710;0;
12730;0;
12750;0;
12770;0;
12790;0;
12810;1;
12830;0;
12850;0;
12870;0;
12890;0;
12910;0;
12930;0;
12950;0;
12970;0;
12990;0;
13010;1;
13030;0;
13050;0;
13070;0;
13090;0;
13110;0;
13130;0;
13150;0;
13170;0;
13190;0;
13210;0;
13230;0;
13250;0;
13270;0;
13290;0;
13310;0;
13330;0;
13350;0;
13370;0;
13390;0;
13410;0;
13430;0;
13450;0;
13470;0;
13490;0;
13510;0;
13530;0;
13550;0;
13570;0;
13590;0;
13610;0;
13630;0;
13650;0;
13670;0;
13690;0;
13710;1;
13730;1;
13750;0;
13770;0;
13790;1;
13810;0;
13830;0;
13850;0;
13870;0;
13890;1;
13910;0;
13930;0;
13950;0;
13970;0;
13990;0;
14010;0;
14030;0;
14050;0;
14070;1;
14090;0;
14110;0;
14130;0;
14150;0;
14170;0;
14190;0;
14210;0;
14230;0;
14250;0;
14270;0;
14290;0;
14310;0;
14330;0;
14350;0;
14370;0;
14390;0;
14410;0;
14430;0;
14450;0;
14470;0;
14490;0;
14510;0;
14530;0;
14550;0;
14570;0;
14590;0;
14610;0;
14630;1;
14650;0;
14670;0;
14690;0;
14710;0;
14730;0;
14750;0;
14770;0;
14790;0;
14810;0;
14830;0;
14850;0;
14870;0;
14890;0;
14910;0;
14930;1;
14950;0;
14970;0;
14990;1;
15010;1;
15030;1;
15050;0;
15070;0;
15090;0;
15110;0;
15130;0;
15150;0;
15170;0;
15190;1;
15210;0;
15230;0;
15250;0;
15270;0;
15290;0;
15310;0;
15330;0;
15350;0;
15370;0;
15390;0;
15410;0;
15430;0;
15450;1;
15470;0;
15490;0;
15510;0;
15530;1;
15550;0;
15570;0;
15590;0;
15610;0;
15630;0;
15650;0;
15670;0;
15690;0;
15710;0;
15730;0;
15750;0;
15770;0;
15790;1;
15810;0;
15830;0;
15850;0;
15870;0;
15890;0;
15910;0;
15930;0;
15950;0;
15970;0;
15990;0;
16010;0;
16030;0;
16050;0;
16070;0;
16090;0;
16110;0;
16130;0;
16150;0;
16170;1;
16190;1;
16210;0;
16230;0;
16250;0;
16270;0;
16290;0;
16310;0;
16330;0;
16350;0;
16370;0;
16390;1;
16410;0;
16430;0;
16450;0;
16470;0;
16490;0;
16510;0;
16530;0;
16550;0;
16570;0;
16590;0;
16610;0;
16630;0;
16650;0;
16670;0;
16690;0;
16710;0;
16730;0;
16750;0;
16770;0;
16790;0;
16810;0;
16830;0;
16850;0;
16870;0;
16890;0;
16910;0;
16930;0;
16950;0;
16970;0;
16990;0;
17010;0;
17030;0;
17050;0;
17070;0;
17090;0;
17110;0;
17130;1;
17150;0;
17170;0;
17190;0;
17210;0;
17230;0;
17250;0;
17270;0;
17290;0;
17310;0;
17330;0;
17350;0;
17370;0;
17390;0;
17410;0;
17430;0;
17450;0;
17470;0;
17490;0;
17510;0;
17530;0;
17550;1;
17570;0;
17590;0;
17610;0;
17630;1;
17650;0;
17670;0;
17690;0;
17710;0;
17730;0;
17750;0;
17770;0;
17790;1;
17810;0;
17830;0;
17850;0;
17870;0;
17890;0;
17910;1;
17930;0;
17950;0;
17970;0;
17990;0;
18010;0;
18030;0;
18050;0;
18070;0;
18090;0;
18110;0;
18130;0;
18150;1;
18170;0;
18190;0;
18210;0;
18230;0;
18250;0;
18270;0;
18290;0;
18310;0;
18330;0;
18350;0;
18370;0;
18390;0;
18410;1;
18430;0;
18450;0;
18470;0;
18490;0;
18510;1;
18530;0;
18550;0;
18570;0;
18590;0;
18610;1;
18630;1;
18650;0;
18670;0;
18690;0;
18710;0;
18730;0;
18750;0;
18770;0;
18790;0;
18810;0;
18830;0;
18850;0;
18870;0;
18890;0;
18910;0;
18930;0;
18950;0;
18970;1;
18990;0;
19010;0;
19030;0;
19050;0;
19070;0;
19090;1;
19110;0;
19130;0;
19150;0;
19170;0;
19190;1;
19210;0;
19230;0;
19250;0;
19270;0;
19290;0;
19310;0;
19330;0;
19350;0;
19370;0;
19390;0;
19410;0;
19430;0;
19450;0;
19470;1;
19490;1;
19510;0;
19530;0;
19550;1;
19570;0;
19590;0;
19610;0;
19630;0;
19650;0;
19670;1;
19690;0;
19710;0;
19730;0;
19750;0;
19770;0;
19790;1;
19810;0;
19830;0;
19850;0;
19870;0;
19890;0;
19910;0;
19930;0;
19950;0;
19970;0;
19990;0;
20010;0;
20030;0;
20050;0;
20070;0;
20090;0;
20110;0;
20130;0;
20150;0;
20170;0;
20190;0;
20210;0;
20230;0;
20250;0;
20270;0;
20290;0;
20310;1;
20330;0;
20350;1;
20370;0;
20390;1;
20410;0;
20430;0;
20450;0;
20470;0;
20490;0;
20510;0;
20530;0;
20550;0;
20570;0;
20590;0;
20610;0;
20630;1;
20650;0;
20670;0;
20690;1;
20710;0;
20730;0;
20750;0;
20770;0;
20790;0;
20810;0;
20830;1;
20850;1;
20870;0;
20890;0;
20910;0;
20930;0;
20950;0;
20970;0;
20990;0;
21010;0;
21030;0;
21050;0;
21070;0;
21090;0;
21110;0;
21130;0;
21150;0;
21170;1;
21190;0;
21210;0;
21230;0;
21250;0;
21270;0;
21290;0;
21310;0;
21330;0;
21350;0;
21370;0;
21390;0;
21410;0;
21430;0;
21450;2;
21470;0;
21490;0;
21510;0;
21530;0;
21550;0;
21570;0;
21590;0;
21610;1;
21630;1;
21650;0;
21670;0;
21690;1;
21710;0;
21730;0;
21750;0;
21770;0;
21790;0;
21810;0;
21830;0;
21850;0;
21870;0;
21890;1;
21910;0;
21930;0;
21950;0;
21970;0;
21990;0;
22010;0;
22030;0;
22050;0;
22070;0;
22090;0;
22110;0;
22130;0;
22150;0;
22170;0;
22190;0;
22210;0;
22230;0;
22250;0;
22270;0;
22290;0;
22310;0;
22330;0;
22350;0;
22370;0;
22390;0;
22410;0;
22430;1;
22450;0;
22470;0;
22490;0;
22510;0;
22530;0;
22550;0;
22570;1;
22590;0;
22610;0;
22630;0;
22650;1;
22670;0;
22690;0;
22710;0;
22730;3;
22750;0;
22770;0;
22790;0;
22810;0;
22830;0;
22850;0;
22870;0;
22890;1;
22910;0;
22930;0;
22950;0;
22970;0;
22990;0;
23010;0;
23030;0;
23050;1;
23070;0;
23090;0;
23110;0;
23130;0;
23150;0;
23170;0;
23190;0;
23210;0;
23230;0;
23250;0;
23270;0;
23290;0;
23310;0;
23330;0;
23350;0;
23370;0;
23390;0;
23410;1;
23430;0;
23450;0;
23470;0;
23490;0;
23510;0;
23530;0;
23550;0;
23570;0;
23590;0;
23610;0;
23630;1;
23650;0;
23670;0;
23690;0;
23710;0;
23730;0;
23750;0;
23770;0;
23790;0;
23810;0;
23830;0;
23850;0;
23870;0;
23890;0;
23910;0;
23930;0;
23950;0;
23970;1;
23990;0;
24010;0;
24030;0;
24050;0;
24070;0;
24090;0;
24110;0;
24130;0;
24150;0;
24170;0;
24190;0;
24210;0;
24230;0;
24250;0;
24270;0;
24290;0;
24310;0;
24330;0;
24350;0;
24370;0;
24390;0;
24410;0;
24430;0;
24450;0;
24470;0;
24490;0;
24510;0;
24530;0;
24550;0;
24570;0;
24590;0;
24610;0;
24630;0;
24650;0;
24670;0;
24690;0;
24710;0;
24730;0;
24750;0;
24770;0;
24790;0;
24810;0;
24830;0;
24850;0;
24870;0;
24890;1;
24910;0;
24930;0;
24950;0;
24970;0;
24990;0;
25010;0;
25030;0;
25050;1;
25070;0;
25090;0;
25110;0;
25130;0;
25150;0;
25170;0;
25190;0;
25210;0;
25230;0;
25250;0;
25270;0;
25290;0;
25310;1;
25330;0;
25350;1;
25370;0;
25390;0;
25410;0;
25430;0;
25450;0;
25470;0;
25490;0;
25510;0;
25530;0;
25550;0;
25570;0;
25590;0;
25610;0;
25630;0;
25650;0;
25670;2;
25690;0;
25710;1;
25730;1;
25750;0;
25770;0;
25790;0;
25810;0;
25830;0;
25850;1;
25870;0;
25890;0;
25910;0;
25930;0;
25950;0;
25970;0;
25990;0;
26010;0;
26030;0;
26050;0;
26070;0;
26090;0;
26110;0;
26130;0;
26150;0;
26170;1;
26190;0;
26210;0;
26230;0;
26250;0;
26270;0;
26290;0;
26310;0;
26330;0;
26350;0;
26370;0;
26390;0;
26410;0;
26430;1;
26450;0;
26470;0;
26490;0;
26510;0;
26530;0;
26550;0;
26570;1;
26590;0;
26610;0;
26630;0;
26650;0;
26670;0;
26690;0;
26710;0;
26730;0;
26750;0;
26770;0;
26790;0;
26810;0;
26830;0;
26850;0;
26870;0;
26890;0;
26910;0;
26930;0;
26950;0;
26970;0;
26990;0;
27010;1;
27030;0;
27050;0;
27070;0;
27090;0;
27110;0;
27130;0;
27150;0;
27170;0;
27190;0;
27210;0;
27230;0;
27250;0;
27270;0;
27290;0;
27310;0;
27330;0;
27350;0;
27370;0;
27390;0;
27410;0;
27430;0;
27450;0;
27470;0;
27490;0;
27510;0;
27530;0;
27550;1;
27570;0;
27590;0;
27610;0;
27630;0;
27650;0;
27670;0;
27690;0;
27710;0;
27730;0;
27750;0;
27770;0;
27790;0;
27810;0;
27830;0;
27850;0;
27870;0;
27890;0;
27910;0;
27930;0;
27950;0;
27970;0;
27990;1;
28010;0;
28030;0;
28050;0;
28070;0;
28090;0;
28110;0;
28130;0;
28150;0;
28170;0;
28190;0;
28210;1;
28230;0;
28250;0;
28270;0;
28290;0;
28310;0;
28330;0;
28350;0;
28370;0;
28390;0;
28410;0;
28430;0;
28450;0;
28470;0;
28490;0;
28510;0;
28530;0;
28550;0;
28570;0;
28590;0;
28610;0;
28630;0;
28650;0;
28670;0;
28690;0;
28710;0;
28730;0;
28750;0;
28770;0;
28790;0;
28810;0;
28830;0;
28850;0;
28870;0;
28890;0;
28910;0;
28930;0;
28950;0;
28970;0;
28990;0;
29010;0;
29030;1;
29050;0;
29070;0;
29090;0;
29110;0;
29130;0;
29150;0;
29170;0;
29190;0;
29210;0;
29230;0;
29250;0;
29270;0;
29290;0;
29310;0;
29330;0;
29350;0;
29370;0;
29390;0;
29410;0;
29430;0;
29450;0;
29470;0;
29490;0;
29510;0;
29530;0;
29550;0;
29570;0;
29590;0;
29610;0;
29630;0;
29650;0;
29670;0;
29690;0;
29710;0;
29730;0;
29750;0;
29770;0;
29790;0;
29810;0;
29830;0;
29850;0;
29870;0;
29890;0;
29910;0;
29930;0;
29950;0;
29970;0;
29990;0;
30010;0;
30030;0;
30050;0;
30070;0;
30090;0;
30110;0;
30130;0;
30150;0;
30170;0;
30190;0;
30210;0;
30230;0;
30250;0;
30270;0;
30290;0;
30310;0;
30330;0;
30350;0;
30370;0;
30390;0;
30410;0;
30430;0;
30450;0;
30470;0;
30490;0;
30510;0;
30530;0;
30550;0;
30570;0;
30590;0;
30610;0;
30630;0;
30650;0;
30670;0;
30690;0;
30710;0;
30730;0;
30750;0;
30770;0;
30790;0;
30810;1;
30830;0;
30850;0;
30870;0;
30890;0;
30910;0;
30930;0;
30950;0;
30970;0;
30990;0;
31010;0;
31030;0;
31050;0;
31070;0;
31090;0;
31110;0;
31130;0;
31150;1;
31170;0;
31190;0;
31210;0;
31230;0;
31250;0;
31270;0;
31290;0;
31310;0;
31330;0;
31350;0;
31370;0;
31390;0;
31410;1;
31430;0;
31450;0;
31470;0;
31490;0;
31510;0;
31530;0;
31550;0;
31570;0;
31590;0;
31610;0;
31630;0;
31650;0;
31670;0;
31690;0;
31710;0;
31730;0;
31750;0;
31770;0;
31790;0;
31810;0;
31830;0;
31850;0;
31870;0;
31890;0;
31910;0;
31930;0;
31950;0;
31970;0;
31990;0;
32010;0;
32030;0;
32050;0;
32070;0;
32090;0;
32110;0;
32130;0;
32150;0;
32170;0;
32190;0;
32210;0;
32230;0;
32250;0;
32270;0;
32290;0;
32310;0;
32330;0;
32350;0;
32370;0;
32390;0;
32410;1;
32430;0;
32450;0;
32470;0;
32490;0;
32510;0;
32530;0;
32550;0;
32570;1;
32590;0;
32610;0;
32630;0;
32650;0;
32670;0;
32690;0;
32710;0;
32730;0;
32750;0;
32770;0;
32790;0;
32810;0;
32830;0;
32850;0;
32870;0;
32890;0;
32910;0;
32930;0;
32950;0;
32970;0;
32990;0;
33010;0;
33030;0;
33050;0;
33070;0;
33090;0;
33110;0;
33130;0;
33150;0;
33170;0;
33190;0;
33210;0;
33230;0;
33250;0;
33270;0;
33290;0;
33310;0;
33330;0;
33350;0;
33370;0;
33390;0;
33410;0;
33430;0;
33450;0;
33470;0;
33490;0;
33510;0;
33530;0;
33550;0;
33570;0;
33590;0;
33610;0;
33630;0;
33650;0;
33670;0;
33690;0;
33710;0;
33730;0;
33750;0;
33770;0;
33790;0;
33810;0;
33830;0;
33850;0;
33870;0;
33890;0;
33910;0;
33930;0;
33950;0;
33970;0;
33990;0;
34010;0;
34030;0;
34050;0;
34070;0;
34090;0;
34110;0;
34130;0;
34150;0;
34170;0;
34190;0;
34210;0;
34230;0;
34250;0;
34270;0;
34290;0;
34310;0;
34330;0;
34350;0;
34370;0;
34390;0;
34410;0;
34430;0;
34450;0;
34470;0;
34490;0;
34510;0;
34530;0;
34550;1;
34570;0;
34590;0;
34610;0;
34630;0;
34650;0;
34670;0;
34690;0;
34710;0;
34730;0;
34750;0;
34770;0;
34790;0;
34810;0;
34830;0;
34850;0;
34870;0;
34890;0;
34910;0;
34930;0;
34950;0;
34970;0;
34990;0;
35010;0;
35030;0;
35050;0;
35070;0;
35090;0;
35110;0;
35130;0;
35150;0;
35170;0;
35190;0;
35210;0;
35230;0;
35250;0;
35270;0;
35290;0;
35310;0;
35330;0;
35350;0;
35370;0;
35390;0;
35410;0;
35430;0;
35450;0;
35470;0;
35490;0;
35510;0;
35530;0;
35550;0;
35570;0;
35590;0;
35610;0;
35630;0;
35650;0;
35670;0;
35690;0;
35710;0;
35730;0;
35750;0;
35770;0;
35790;0;
35810;0;
35830;0;
35850;0;
35870;0;
35890;0;
35910;0;
35930;0;
35950;0;
35970;0;
35990;0;
36010;0;
36030;0;
36050;0;
36070;0;
36090;0;
36110;0;
36130;0;
36150;0;
36170;0;
36190;0;
36210;0;
36230;0;
36250;0;
36270;0;
36290;0;
36310;0;
36330;0;
36350;0;
36370;0;
36390;0;
36410;0;
36430;0;
36450;0;
36470;0;
36490;0;
36510;0;
36530;0;
36550;0;
36570;0;
36590;0;
36610;0;
36630;0;
36650;0;
36670;0;
36690;0;
36710;0;
36730;0;
36750;0;
36770;0;
36790;0;
36810;0;
36830;0;
36850;0;
36870;0;
36890;0;
36910;0;
36930;0;
36950;0;
36970;0;
36990;0;
37010;0;
37030;0;
37050;0;
37070;0;
37090;0;
37110;0;
37130;0;
37150;0;
37170;0;
37190;0;
37210;0;
37230;0;
37250;0;
37270;0;
37290;0;
37310;0;
37330;0;
37350;0;
37370;0;
37390;0;
37410;0;
37430;1;
37450;0;
37470;0;
37490;0;
37510;0;
37530;0;
37550;0;
37570;0;
37590;0;
37610;0;
37630;0;
37650;0;
37670;0;
37690;0;
37710;0;
37730;0;
37750;0;
37770;0;
37790;0;
37810;0;
37830;0;
37850;0;
37870;0;
37890;0;
37910;0;
37930;0;
37950;0;
37970;0;
37990;0;
38010;0;
38030;0;
38050;0;
38070;0;
38090;0;
38110;0;
38130;0;
38150;0;
38170;0;
38190;0;
38210;0;
38230;0;
38250;0;
38270;0;
38290;0;
38310;0;
38330;0;
38350;0;
38370;0;
38390;0;
38410;0;
38430;0;
38450;0;
38470;0;
38490;0;
38510;0;
38530;0;
38550;0;
38570;0;
38590;0;
38610;0;
38630;0;
38650;0;
38670;0;
38690;0;
38710;0;
38730;0;
38750;1;
38770;0;
38790;0;
38810;0;
38830;0;
38850;0;
38870;0;
38890;0;
38910;0;
38930;0;
38950;0;
38970;0;
38990;0;
39010;0;
39030;0;
39050;0;
39070;0;
39090;0;
39110;0;
39130;0;
39150;0;
39170;0;
39190;0;
39210;0;
39230;0;
39250;1;
39270;0;
39290;0;
39310;0;
39330;0;
39350;0;
39370;0;
39390;0;
39410;0;
39430;0;
39450;0;
39470;0;
39490;0;
39510;0;
39530;0;
39550;0;
39570;0;
39590;0;
39610;0;
39630;0;
39650;0;
39670;0;
39690;0;
39710;0;
39730;0;
39750;0;
39770;0;
39790;0;
39810;0;
39830;0;
39850;0;
39870;0;
39890;0;
39910;0;
39930;0;
39950;0;
39970;0;
39990;0;
40010;0;
40030;0;
40050;0;
40070;0;
40090;0;
40110;0;
40130;0;
40150;0;
40170;0;
40190;0;
40210;0;
40230;0;
40250;0;
40270;0;
40290;0;
40310;0;
40330;0;
40350;0;
40370;0;
40390;0;
40410;0;
40430;0;
40450;0;
40470;0;
40490;0;
40510;0;
40530;0;
40550;0;
40570;0;
40590;0;
40610;0;
40630;0;
40650;0;
40670;0;
40690;0;
40710;0;
40730;0;
40750;0;
40770;0;
40790;0;
40810;0;
40830;0;
40850;0;
40870;0;
40890;0;
40910;0;
40930;0;
40950;0;
40970;0;
40990;0;
41010;0;
41030;0;
41050;0;
41070;0;
41090;0;
41110;0;
41130;0;
41150;0;
41170;0;
41190;0;
41210;0;
41230;0;
41250;0;
41270;0;
41290;0;
41310;0;
41330;0;
41350;0;
41370;0;
41390;0;
41410;0;
41430;0;
41450;0;
41470;0;
41490;0;
41510;0;
41530;0;
41550;0;
41570;0;
41590;0;
41610;0;
41630;0;
41650;0;
41670;0;
41690;1;
41710;0;
41730;0;
41750;0;
41770;0;
41790;0;
41810;0;
41830;0;
41850;0;
41870;0;
41890;0;
41910;0;
41930;0;
41950;0;
41970;0;
41990;0;
42010;0;
42030;0;
42050;0;
42070;0;
42090;0;
42110;0;
42130;0;
42150;0;
42170;0;
42190;0;
42210;0;
42230;0;
42250;0;
42270;0;
42290;0;
42310;0;
42330;0;
42350;0;
42370;0;
42390;0;
42410;0;
42430;0;
42450;0;
42470;0;
42490;0;
42510;0;
42530;0;
42550;0;
42570;0;
42590;0;
42610;0;
42630;0;
42650;0;
42670;0;
42690;0;
42710;0;
42730;0;
42750;0;
42770;0;
42790;0;
42810;0;
42830;0;
42850;0;
42870;0;
42890;0;
42910;0;
42930;0;
42950;0;
42970;0;
42990;0;
43010;0;
43030;0;
43050;0;
43070;0;
43090;0;
43110;0;
43130;0;
43150;0;
43170;0;
43190;0;
43210;0;
43230;0;
43250;0;
43270;0;
43290;0;
43310;0;
43330;0;
43350;0;
43370;0;
43390;0;
43410;0;
43430;0;
43450;0;
43470;0;
43490;0;
43510;0;
43530;0;
43550;0;
43570;0;
43590;0;
43610;0;
43630;0;
43650;0;
43670;0;
43690;0;
43710;0;
43730;0;
43750;0;
43770;0;
43790;0;
43810;0;
43830;0;
43850;0;
43870;0;
43890;0;
43910;0;
43930;0;
43950;0;
43970;0;
43990;0;
44010;0;
44030;0;
44050;0;
44070;0;
44090;0;
44110;0;
44130;0;
44150;0;
44170;0;
44190;0;
44210;0;
44230;0;
44250;0;
44270;0;
44290;0;
44310;0;
44330;0;
44350;0;
44370;0;
44390;0;
44410;0;
44430;0;
44450;0;
44470;0;
44490;0;
44510;0;
44530;0;
44550;0;
44570;0;
44590;0;
44610;0;
44630;0;
44650;0;
44670;0;
44690;0;
44710;0;
44730;0;
44750;0;
44770;0;
44790;0;
44810;0;
44830;0;
44850;0;
44870;0;
44890;0;
44910;0;
44930;0;
44950;0;
44970;0;
44990;0;
45010;0;
45030;0;
45050;0;
45070;0;
45090;0;
45110;0;
45130;0;
45150;0;
45170;0;
45190;0;
45210;0;
45230;0;
45250;0;
45270;0;
45290;0;
45310;0;
45330;0;
45350;0;
45370;0;
45390;0;
45410;0;
45430;0;
45450;0;
45470;0;
45490;0;
45510;0;
45530;0;
45550;0;
45570;0;
45590;0;
45610;0;
45630;0;
45650;0;
45670;0;
45690;0;
45710;0;
45730;0;
45750;0;
45770;0;
45790;0;
45810;0;
45830;0;
45850;0;
45870;0;
45890;0;
45910;0;
45930;0;
45950;0;
45970;0;
45990;0;
46010;0;
46030;0;
46050;0;
46070;0;
46090;0;
46110;0;
46130;0;
46150;0;
46170;0;
46190;0;
46210;0;
46230;0;
46250;0;
46270;0;
46290;0;
46310;0;
46330;0;
46350;0;
46370;0;
46390;0;
46410;0;
46430;0;
46450;0;
46470;0;
46490;0;
46510;0;
46530;0;
46550;0;
46570;0;
46590;0;
46610;0;
46630;0;
46650;0;
46670;0;
46690;0;
46710;0;
46730;0;
46750;0;
46770;0;
46790;0;
46810;0;
46830;0;
46850;0;
46870;0;
46890;0;
46910;0;
46930;0;
46950;0;
46970;0;
46990;0;
47010;0;
47030;0;
47050;0;
47070;0;
47090;0;
47110;0;
47130;0;
47150;0;
47170;0;
47190;0;
47210;0;
47230;0;
47250;0;
47270;0;
47290;0;
47310;0;
47330;0;
47350;0;
47370;0;
47390;0;
47410;0;
47430;0;
47450;0;
47470;0;
47490;0;
47510;0;
47530;0;
47550;0;
47570;0;
47590;0;
47610;0;
47630;0;
47650;0;
47670;0;
47690;0;
47710;0;
47730;0;
47750;0;
47770;0;
47790;0;
47810;0;
47830;0;
47850;0;
47870;0;
47890;0;
47910;0;
47930;0;
47950;0;
47970;0;
47990;0;
48010;0;
48030;0;
48050;0;
48070;0;
48090;0;
48110;0;
48130;0;
48150;0;
48170;0;
48190;0;
48210;0;
48230;0;
48250;0;
48270;0;
48290;0;
48310;0;
48330;0;
48350;0;
48370;0;
48390;0;
48410;0;
48430;0;
48450;0;
48470;0;
48490;0;
48510;0;
48530;0;
48550;0;
48570;0;
48590;0;
48610;0;
48630;0;
48650;0;
48670;0;
48690;0;
48710;0;
48730;0;
48750;0;
48770;0;
48790;0;
48810;0;
48830;0;
48850;0;
48870;0;
48890;0;
48910;0;
48930;0;
48950;0;
48970;0;
48990;0;
49010;0;
49030;0;
49050;0;
49070;0;
49090;0;
49110;0;
49130;0;
49150;0;
49170;0;
49190;0;
49210;0;
49230;0;
49250;0;
49270;0;
49290;0;
49310;0;
49330;0;
49350;0;
49370;0;
49390;0;
49410;0;
49430;0;
49450;0;
49470;0;
49490;0;
49510;0;
49530;0;
49550;0;
49570;0;
49590;0;
49610;0;
49630;0;
49650;0;
49670;0;
49690;0;
49710;0;
49730;0;
49750;0;
49770;0;
49790;0;
49810;0;
49830;0;
49850;0;
49870;0;
49890;0;
49910;0;
49930;0;
49950;0;
49970;0;
49990;0;
50010;0;
50030;0;
50050;0;
50070;0;
50090;0;
50110;0;
50130;0;
50150;0;
50170;0;
50190;0;
50210;0;
50230;0;
50250;0;
50270;0;
50290;0;
50310;0;
50330;0;
50350;0;
50370;0;
50390;0;
50410;0;
50430;0;
50450;0;
50470;0;
50490;0;
50510;0;
50530;0;
50550;0;
50570;0;
50590;0;
50610;0;
50630;0;
50650;0;
50670;0;
50690;0;
50710;0;
50730;0;
50750;0;
50770;0;
50790;0;
50810;0;
50830;0;
50850;0;
50870;0;
50890;0;
50910;0;
50930;0;
50950;0;
50970;0;
50990;0;
51010;0;
51030;0;
51050;0;
51070;0;
51090;0;
51110;0;
51130;0;
51150;0;
51170;0;
51190;0;
51210;0;
51230;0;
51250;0;
51270;0;
51290;0;
51310;0;
51330;0;
51350;0;
51370;0;
51390;0;
51410;0;
51430;0;
51450;0;
51470;0;
51490;0;
51510;0;
51530;0;
51550;0;
51570;0;
51590;0;
51610;0;
51630;0;
51650;0;
51670;0;
51690;0;
51710;0;
51730;0;
51750;0;
51770;0;
51790;0;
51810;0;
51830;0;
51850;0;
51870;0;
51890;0;
51910;0;
51930;0;
51950;0;
51970;0;
51990;0;
52010;0;
52030;0;
52050;0;
52070;0;
52090;0;
52110;0;
52130;0;
52150;0;
52170;0;
52190;0;
52210;0;
52230;0;
52250;0;
52270;0;
52290;0;
52310;0;
52330;0;
52350;0;
52370;0;
52390;0;
52410;0;
52430;0;
52450;0;
52470;0;
52490;0;
52510;0;
52530;0;
52550;0;
52570;0;
52590;0;
52610;0;
52630;0;
52650;0;
52670;0;
52690;0;
52710;0;
52730;0;
52750;0;
52770;0;
52790;0;
52810;0;
52830;0;
52850;0;
52870;0;
52890;0;
52910;0;
52930;0;
52950;0;
52970;0;
52990;0;
53010;0;
53030;0;
53050;0;
53070;0;
53090;0;
53110;0;
53130;0;
53150;0;
53170;0;
53190;0;
53210;0;
53230;0;
53250;0;
53270;0;
53290;0;
53310;0;
53330;0;
53350;0;
53370;0;
53390;0;
53410;0;
53430;0;
53450;0;
53470;0;
53490;0;
53510;0;
53530;0;
53550;0;
53570;0;
53590;0;
53610;0;
53630;0;
53650;0;
53670;0;
53690;0;
53710;0;
53730;0;
53750;0;
53770;0;
53790;0;
53810;0;
53830;0;
53850;0;
53870;0;
53890;0;
53910;0;
53930;0;
53950;0;
53970;0;
53990;0;
54010;0;
54030;0;
54050;0;
54070;0;
54090;0;
54110;0;
54130;0;
54150;0;
54170;0;
54190;0;
54210;0;
54230;0;
54250;0;
54270;0;
54290;0;
54310;0;
54330;0;
54350;0;
54370;0;
54390;0;
54410;0;
54430;0;
54450;0;
54470;0;
54490;0;
54510;0;
54530;0;
54550;0;
54570;0;
54590;0;
54610;0;
54630;0;
54650;0;
54670;0;
54690;0;
54710;0;
54730;0;
54750;0;
54770;0;
54790;0;
54810;0;
54830;0;
54850;0;
54870;0;
54890;0;
54910;0;
54930;0;
54950;0;
54970;0;
54990;0;
55010;0;
55030;0;
55050;0;
55070;0;
55090;0;
55110;0;
55130;0;
55150;0;
55170;0;
55190;0;
55210;0;
55230;0;
55250;0;
55270;0;
55290;0;
55310;0;
55330;0;
55350;0;
55370;0;
55390;0;
55410;0;
55430;0;
55450;0;
55470;0;
55490;0;
55510;0;
55530;0;
55550;0;
55570;0;
55590;0;
55610;0;
55630;0;
55650;0;
55670;0;
55690;0;
55710;0;
55730;0;
55750;0;
55770;0;
55790;0;
55810;0;
55830;0;
55850;0;
55870;0;
55890;0;
55910;0;
55930;0;
55950;0;
55970;0;
55990;0;
56010;0;
56030;0;
56050;0;
56070;0;
56090;0;
56110;0;
56130;0;
56150;0;
56170;0;
56190;0;
56210;0;
56230;0;
56250;0;
56270;0;
56290;0;
56310;0;
56330;0;
56350;0;
56370;0;
56390;0;
56410;0;
56430;0;
56450;0;
56470;0;
56490;0;
56510;0;
56530;0;
56550;0;
56570;0;
56590;0;
56610;0;
56630;0;
56650;0;
56670;0;
56690;0;
56710;0;
56730;0;
56750;0;
56770;0;
56790;0;
56810;0;
56830;0;
56850;0;
56870;0;
56890;0;
56910;0;
56930;0;
56950;0;
56970;0;
56990;0;
57010;0;
57030;0;
57050;0;
57070;0;
57090;0;
57110;0;
57130;0;
57150;0;
57170;0;
57190;0;
57210;0;
57230;0;
57250;0;
57270;0;
57290;0;
57310;0;
57330;0;
57350;0;
57370;0;
57390;0;
57410;0;
57430;0;
57450;0;
57470;0;
57490;0;
57510;0;
57530;0;
57550;0;
57570;0;
57590;0;
57610;0;
57630;0;
57650;0;
57670;0;
57690;0;
57710;0;
57730;0;
57750;0;
57770;0;
57790;0;
57810;0;
57830;0;
57850;0;
57870;0;
57890;0;
57910;0;
57930;0;
57950;0;
57970;0;
57990;0;
58010;0;
58030;0;
58050;0;
58070;0;
58090;0;
58110;0;
58130;0;
58150;0;
58170;0;
58190;0;
58210;0;
58230;0;
58250;0;
58270;0;
58290;0;
58310;0;
58330;0;
58350;0;
58370;0;
58390;0;
58410;0;
58430;0;
58450;0;
58470;0;
58490;0;
58510;0;
58530;0;
58550;0;
58570;0;
58590;0;
58610;0;
58630;0;
58650;0;
58670;0;
58690;0;
58710;0;
58730;0;
58750;0;
58770;0;
58790;0;
58810;0;
58830;0;
58850;0;
58870;0;
58890;0;
58910;0;
58930;0;
58950;0;
58970;0;
58990;0;
59010;0;
59030;0;
59050;0;
59070;0;
59090;0;
59110;1;
59130;0;
59150;0;
59170;0;
59190;0;
59210;0;
59230;0;
59250;0;
59270;0;
59290;0;
59310;0;
59330;0;
59350;0;
59370;0;
59390;0;
59410;0;
59430;0;
59450;0;
59470;0;
59490;0;
59510;0;
59530;0;
59550;0;
59570;0;
59590;0;
59610;0;
59630;0;
59650;0;
59670;0;
59690;0;
59710;0;
59730;0;
59750;0;
59770;0;
59790;0;
59810;0;
59830;0;
59850;0;
59870;0;
59890;0;
59910;0;
59930;0;
59950;0;
59970;0;
59990;0;
60010;0;
60030;0;
60050;0;
60070;0;
60090;0;
60110;0;
60130;0;
60150;0;
60170;0;
60190;0;
60210;0;
60230;0;
60250;0;
60270;0;
60290;0;
60310;0;
60330;0;
60350;0;
60370;0;
60390;0;
60410;0;
60430;0;
60450;0;
60470;0;
60490;0;
60510;0;
60530;0;
60550;0;
60570;0;
60590;0;
60610;0;
60630;0;
60650;0;
60670;0;
60690;0;
60710;0;
60730;0;
60750;0;
60770;0;
60790;0;
60810;0;
60830;0;
60850;0;
60870;0;
60890;0;
60910;0;
60930;0;
60950;0;
60970;0;
60990;0;
61010;0;
61030;0;
61050;0;
61070;0;
61090;0;
61110;0;
61130;0;
61150;0;
61170;0;
61190;0;
61210;0;
61230;0;
61250;0;
61270;0;
61290;0;
61310;0;
61330;0;
61350;0;
61370;0;
61390;0;
61410;0;
61430;0;
61450;0;
61470;0;
61490;0;
61510;0;
61530;0;
61550;0;
61570;0;
61590;0;
61610;0;
61630;0;
61650;0;
61670;0;
61690;0;
61710;0;
61730;0;
61750;0;
61770;0;
61790;0;
61810;0;
61830;0;
61850;0;
61870;0;
61890;0;
61910;0;
61930;0;
61950;0;
61970;0;
61990;0;
62010;0;
62030;0;
62050;0;
62070;0;
62090;0;
62110;0;
62130;0;
62150;0;
62170;0;
62190;0;
62210;0;
62230;0;
62250;0;
62270;0;
62290;0;
62310;0;
62330;0;
62350;0;
62370;0;
62390;0;
62410;0;
62430;0;
62450;0;
62470;0;
62490;0;
62510;0;
62530;0;
62550;0;
62570;0;
62590;0;
62610;0;
62630;0;
62650;0;
62670;0;
62690;0;
62710;0;
62730;0;
62750;0;
62770;0;
62790;0;
62810;0;
62830;0;
62850;0;
62870;0;
62890;0;
62910;0;
62930;0;
62950;0;
62970;0;
62990;0;
63010;0;
63030;0;
63050;0;
63070;0;
63090;0;
63110;0;
63130;0;
63150;0;
63170;0;
63190;0;
63210;0;
63230;0;
63250;0;
63270;0;
63290;0;
63310;0;
63330;0;
63350;0;
63370;0;
63390;0;
63410;0;
63430;0;
63450;0;
63470;0;
63490;0;
63510;0;
63530;0;
63550;0;
63570;0;
63590;0;
63610;0;
63630;0;
63650;0;
63670;0;
63690;0;
63710;0;
63730;0;
63750;0;
63770;0;
63790;0;
63810;0;
63830;0;
63850;0;
63870;0;
63890;0;
63910;0;
63930;0;
63950;0;
63970;0;
63990;0;
64010;0;
64030;0;
64050;0;
64070;0;
64090;0;
64110;0;
64130;0;
64150;0;
64170;0;
64190;0;
64210;0;
64230;0;
64250;0;
64270;0;
64290;0;
64310;0;
64330;0;
64350;0;
64370;0;
64390;0;
64410;0;
64430;0;
64450;0;
64470;0;
64490;0;
64510;0;
64530;0;
64550;0;
64570;0;
64590;0;
64610;0;
64630;0;
64650;0;
64670;0;
64690;0;
64710;0;
64730;0;
64750;0;
64770;0;
64790;0;
64810;0;
64830;0;
64850;0;
64870;0;
64890;0;
64910;0;
64930;0;
64950;0;
64970;0;
64990;0;
65010;0;
65030;0;
65050;0;
65070;0;
65090;0;
65110;0;
65130;0;
65150;0;
65170;0;
65190;0;
65210;0;
65230;0;
65250;0;
65270;0;
65290;0;
65310;0;
65330;0;
65350;0;
65370;0;
65390;0;
65410;0;
65430;0;
65450;0;
65470;0;
65490;0;
65510;0;
65530;0;
65550;0;
65570;0;
65590;0;
65610;0;
65630;0;
65650;0;
65670;0;
65690;0;
65710;0;
65730;0;
65750;0;
65770;0;
65790;0;
65810;0;
65830;0;
65850;0;
65870;0;
65890;0;
65910;0;
65930;0;
65950;0;
65970;0;
65990;0;
66010;0;
66030;0;
66050;0;
66070;0;
66090;0;
66110;0;
66130;0;
66150;0;
66170;0;
66190;0;
66210;0;
66230;0;
66250;0;
66270;0;
66290;0;
66310;0;
66330;0;
66350;0;
66370;0;
66390;0;
66410;0;
66430;0;
66450;0;
66470;0;
66490;0;
66510;0;
66530;0;
66550;0;
66570;0;
66590;0;
66610;0;
66630;0;
66650;0;
66670;0;
66690;0;
66710;0;
66730;0;
66750;0;
66770;0;
66790;0;
66810;0;
66830;0;
66850;0;
66870;0;
66890;0;
66910;0;
66930;0;
66950;0;
66970;0;
66990;0;
67010;0;
67030;0;
67050;0;
67070;0;
67090;0;
67110;0;
67130;0;
67150;0;
67170;0;
67190;0;
67210;0;
67230;0;
67250;0;
67270;0;
67290;0;
67310;0;
67330;0;
67350;0;
67370;0;
67390;0;
67410;0;
67430;0;
67450;0;
67470;0;
67490;0;
67510;0;
67530;0;
67550;0;
67570;0;
67590;0;
67610;0;
67630;0;
67650;0;
67670;0;
67690;0;
67710;0;
67730;0;
67750;0;
67770;0;
67790;0;
67810;0;
67830;0;
67850;0;
67870;0;
67890;0;
67910;0;
67930;0;
67950;0;
67970;0;
67990;0;
68010;0;
68030;0;
68050;0;
68070;0;
68090;0;
68110;0;
68130;0;
68150;0;
68170;0;
68190;0;
68210;0;
68230;0;
68250;0;
68270;0;
68290;0;
68310;0;
68330;0;
68350;0;
68370;0;
68390;0;
68410;0;
68430;0;
68450;0;
68470;0;
68490;0;
68510;0;
68530;0;
68550;0;
68570;0;
68590;0;
68610;0;
68630;0;
68650;0;
68670;0;
68690;0;
68710;0;
68730;0;
68750;0;
68770;0;
68790;0;
68810;0;
68830;0;
68850;0;
68870;0;
68890;0;
68910;0;
68930;0;
68950;0;
68970;0;
68990;0;
69010;0;
69030;0;
69050;0;
69070;0;
69090;0;
69110;0;
69130;0;
69150;0;
69170;0;
69190;0;
69210;0;
69230;0;
69250;0;
69270;0;
69290;0;
69310;0;
69330;0;
69350;0;
69370;0;
69390;0;
69410;0;
69430;0;
69450;0;
69470;0;
69490;0;
69510;0;
69530;0;
69550;0;
69570;0;
69590;0;
69610;0;
69630;0;
69650;0;
69670;0;
69690;0;
69710;0;
69730;0;
69750;0;
69770;0;
69790;0;
69810;0;
69830;0;
69850;0;
69870;0;
69890;0;
69910;0;
69930;0;
69950;0;
69970;0;
69990;0;
70010;0;
70030;0;
70050;0;
70070;0;
70090;0;
70110;0;
70130;0;
70150;0;
70170;0;
70190;0;
70210;0;
70230;0;
70250;0;
70270;0;
70290;0;
70310;0;
70330;0;
70350;0;
70370;0;
70390;0;
70410;0;
70430;0;
70450;0;
70470;0;
70490;0;
70510;0;
70530;0;
70550;0;
70570;0;
70590;0;
70610;0;
70630;0;
70650;0;
70670;0;
70690;0;
70710;0;
70730;0;
70750;0;
70770;0;
70790;0;
70810;0;
70830;0;
70850;0;
70870;0;
70890;0;
70910;0;
70930;0;
70950;0;
70970;0;
70990;0;
71010;0;
71030;0;
71050;0;
71070;0;
71090;0;
71110;0;
71130;0;
71150;0;
71170;0;
71190;0;
71210;0;
71230;0;
71250;0;
71270;0;
71290;0;
71310;0;
71330;0;
71350;0;
71370;0;
71390;0;
71410;0;
71430;0;
71450;0;
71470;0;
71490;0;
71510;0;
71530;0;
71550;0;
71570;0;
71590;0;
71610;0;
71630;0;
71650;0;
71670;0;
71690;0;
71710;0;
71730;0;
71750;0;
71770;0;
71790;0;
71810;0;
71830;0;
71850;0;
71870;0;
71890;0;
71910;0;
71930;0;
71950;0;
71970;0;
71990;0;
72010;0;
72030;0;
72050;0;
72070;0;
72090;0;
72110;0;
72130;0;
72150;0;
72170;0;
72190;0;
72210;0;
72230;0;
72250;0;
72270;0;
72290;0;
72310;0;
72330;0;
72350;0;
72370;0;
72390;0;
72410;0;
72430;0;
72450;0;
72470;0;
72490;0;
72510;0;
72530;0;
72550;0;
72570;0;
72590;0;
72610;0;
72630;0;
72650;0;
72670;0;
72690;0;
72710;0;
72730;0;
72750;0;
72770;0;
72790;0;
72810;0;
72830;0;
72850;0;
72870;0;
72890;0;
72910;0;
72930;0;
72950;0;
72970;0;
72990;0;
73010;0;
73030;0;
73050;0;
73070;0;
73090;0;
73110;0;
73130;0;
73150;0;
73170;0;
73190;0;
73210;0;
73230;0;
73250;0;
73270;0;
73290;0;
73310;0;
73330;0;
73350;0;
73370;0;
73390;0;
73410;0;
73430;0;
73450;0;
73470;0;
73490;0;
73510;0;
73530;0;
73550;0;
73570;0;
73590;0;
73610;0;
73630;0;
73650;0;
73670;0;
73690;0;
73710;0;
73730;0;
73750;0;
73770;0;
73790;0;
73810;0;
73830;0;
73850;0;
73870;0;
73890;0;
73910;0;
73930;0;
73950;0;
73970;0;
73990;0;
74010;0;
74030;0;
74050;0;
74070;0;
74090;0;
74110;0;
74130;0;
74150;0;
74170;0;
74190;0;
74210;0;
74230;0;
74250;0;
74270;0;
74290;0;
74310;0;
74330;0;
74350;0;
74370;0;
74390;0;
74410;0;
74430;0;
74450;0;
74470;0;
74490;0;
74510;0;
74530;0;
74550;0;
74570;0;
74590;0;
74610;0;
74630;0;
74650;0;
74670;0;
74690;0;
74710;0;
74730;0;
74750;0;
74770;0;
74790;0;
74810;0;
74830;0;
74850;0;
74870;0;
74890;0;
74910;0;
74930;0;
74950;0;
74970;0;
74990;0;
75010;0;
75030;0;
75050;0;
75070;0;
75090;0;
75110;0;
75130;0;
75150;0;
75170;0;
75190;0;
75210;0;
75230;0;
75250;0;
75270;0;
75290;0;
75310;0;
75330;0;
75350;0;
75370;0;
75390;0;
75410;0;
75430;0;
75450;0;
75470;0;
75490;0;
75510;0;
75530;0;
75550;0;
75570;0;
75590;0;
75610;0;
75630;0;
75650;0;
75670;0;
75690;0;
75710;0;
75730;0;
75750;0;
75770;0;
75790;0;
75810;0;
75830;0;
75850;0;
75870;0;
75890;0;
75910;0;
75930;0;
75950;0;
75970;0;
75990;0;
76010;0;
76030;0;
76050;0;
76070;0;
76090;0;
76110;0;
76130;0;
76150;0;
76170;0;
76190;0;
76210;0;
76230;0;
76250;0;
76270;0;
76290;0;
76310;0;
76330;0;
76350;0;
76370;0;
76390;0;
76410;0;
76430;0;
76450;0;
76470;0;
76490;0;
76510;0;
76530;0;
76550;0;
76570;0;
76590;0;
76610;0;
76630;0;
76650;0;
76670;0;
76690;0;
76710;0;
76730;0;
76750;0;
76770;0;
76790;0;
76810;0;
76830;0;
76850;0;
76870;0;
76890;0;
76910;0;
76930;0;
76950;0;
76970;0;
76990;0;
77010;0;
77030;0;
77050;0;
77070;0;
77090;0;
77110;0;
77130;0;
77150;0;
77170;0;
77190;0;
77210;0;
77230;0;
77250;0;
77270;0;
77290;0;
77310;0;
77330;0;
77350;0;
77370;0;
77390;0;
77410;0;
77430;0;
77450;0;
77470;0;
77490;0;
77510;0;
77530;0;
77550;0;
77570;0;
77590;0;
77610;0;
77630;0;
77650;0;
77670;0;
77690;0;
77710;0;
77730;0;
77750;0;
77770;0;
77790;0;
77810;0;
77830;0;
77850;0;
77870;0;
77890;0;
77910;0;
77930;0;
77950;0;
77970;0;
77990;0;
78010;0;
78030;0;
78050;0;
78070;0;
78090;0;
78110;0;
78130;0;
78150;0;
78170;0;
78190;0;
78210;0;
78230;0;
78250;0;
78270;0;
78290;0;
78310;0;
78330;0;
78350;0;
78370;0;
78390;0;
78410;0;
78430;0;
78450;0;
78470;0;
78490;0;
78510;0;
78530;0;
78550;0;
78570;0;
78590;0;
78610;0;
78630;0;
78650;0;
78670;0;
78690;0;
78710;0;
78730;0;
78750;0;
78770;0;
78790;0;
78810;0;
78830;0;
78850;0;
78870;0;
78890;0;
78910;0;
78930;0;
78950;0;
78970;0;
78990;0;
79010;0;
79030;0;
79050;0;
79070;0;
79090;0;
79110;0;
79130;0;
79150;0;
79170;0;
79190;0;
79210;0;
79230;0;
79250;0;
79270;0;
79290;0;
79310;0;
79330;0;
79350;0;
79370;0;
79390;0;
79410;0;
79430;0;
79450;0;
79470;0;
79490;0;
79510;0;
79530;0;
79550;0;
79570;0;
79590;0;
79610;0;
79630;0;
79650;0;
79670;0;
79690;0;
79710;0;
79730;0;
79750;0;
79770;0;
79790;0;
79810;0;
79830;0;
79850;0;
79870;0;
79890;0;
79910;0;
79930;0;
79950;0;
79970;0;
79990;0;
80010;0;
80030;0;
80050;0;
80070;0;
80090;0;
80110;0;
80130;0;
80150;0;
80170;0;
80190;0;
80210;0;
80230;0;
80250;0;
80270;0;
80290;0;
80310;0;
80330;0;
80350;0;
80370;0;
80390;0;
80410;0;
80430;0;
80450;0;
80470;0;
80490;0;
80510;0;
80530;0;
80550;0;
80570;0;
80590;0;
80610;0;
80630;0;
80650;0;
80670;0;
80690;0;
80710;0;
80730;0;
80750;0;
80770;0;
80790;0;
80810;0;
80830;0;
80850;0;
80870;0;
80890;0;
80910;0;
80930;0;
80950;0;
80970;0;
80990;0;
81010;0;
81030;0;
81050;0;
81070;0;
81090;0;
81110;0;
81130;0;
81150;0;
81170;0;
81190;0;
81210;0;
81230;0;
81250;0;
81270;0;
81290;0;
81310;0;
81330;0;
81350;0;
81370;0;
81390;0;
81410;0;
81430;0;
81450;0;
81470;0;
81490;0;
81510;0;
81530;0;
81550;0;
81570;0;
81590;0;
81610;0;
81630;0;
81650;0;
81670;0;
81690;0;
81710;0;
81730;0;
81750;0;
81770;0;
81790;0;
81810;0;
