Channel;Counts;;; 
-90;0;;;
-70;3;;;
-50;6;;;
-30;10;;;
-10;18;;;
10;37;;;
30;53;;;
50;73;;;
70;109;;;
90;144;;;
110;147;;;
130;146;;;
150;148;;;
170;165;;;
190;161;;;
210;158;;;
230;146;;;
250;163;;;
270;170;;;
290;192;;;
310;185;;;
330;184;;;
350;205;;;
370;220;;;
390;206;;;
410;222;;;
430;227;;;
450;236;;;
470;241;;;
490;277;;;
510;272;;;
530;274;;;
550;315;;;
570;312;;;
590;299;;;
610;318;;;
630;384;;;
650;358;;;
670;382;;;
690;386;;;
710;400;;;
730;440;;;
750;481;;;
770;462;;;
790;459;;;
810;480;;;
830;517;;;
850;531;;;
870;563;;;
890;551;;;
910;606;;;
930;677;;;
950;683;;;
970;718;;;
990;780;;;
1010;846;;;
1030;813;;;
1050;905;;;
1070;918;;;
1090;1007;;;
1110;1063;;;
1130;989; ;;
1150;1118;;;
1170;1137;;;
1190;1110;;;
1210;1170;;;
1230;1128;;;
1250;1194;;;
1270;1178;;;
1290;1185;;;
1310;1173;;;
1330;1234;;;
1350;1160;;;
1370;1272;;;
1390;1245;;;
1410;1242;;;
1430;1247;;;
1450;1199;;;
1470;1263;;;
1490;1238;;;
1510;1290;;;
1530;1297;;;
1550;1249;;;
1570;1220;;;
1590;1213;;;
1610;1237;;;
1630;1244;;;
1650;1278;;;
1670;1222;;;
1690;1170;;;
1710;1196;;;
1730;1234;;;
1750;1218;;;
1770;1205;;;
1790;1312;;;
1810;1220;;;
1830;1223;;;
1850;1170;;;
1870;1214;;;
1890;1164;;;
1910;1179;;;
1930;1168;;;
1950;1122;;;
1970;1215;;;
1990;1157;;;
2010;1168;;;
2030;1162;;;
2050;1168;;;
2070;1164;;;
2090;1185;;;
2110;1109;;;
2130;1154;;;
2150;1151;;;
2170;1098;;;
2190;1168;;;
2210;1138;;;
2230;1141;;;
2250;1141;;;
2270;1175;;;
2290;1138;;;
2310;1182;;;
2330;1191;;;
2350;1102;;;
2370;1113;;;
2390;1183;;;
2410;1219;;;
2430;1134;;;
2450;1125;;;
2470;1142;;;
2490;1181;;;
2510;1199;;;
2530;1106;;;
2550;1163;;;
2570;1088;;;
2590;1104;;;
2610;1175;;;
2630;1194;;;
2650;1176;;;
2670;1097;;;
2690;1144;;;
2710;1178;;;
2730;1234;;;
2750;1195;;;
2770;1147;;;
2790;1168;;;
2810;1233;;;
2830;1285;;;
2850;1196;;;
2870;1294;;;
2890;1367;;;
2910;1280;;;
2930;1364;;;
2950;1381;;;
2970;1367;;;
2990;1380;;;
3010;1433;;;
3030;1484;;;
3050;1469;;;
3070;1554;;;
3090;1545;;;
3110;1650;;;
3130;1685;;;
3150;1648;;;
3170;1714;;;
3190;1795;;;
3210;1831;;;
3230;1852;;;
3250;1780;;;
3270;1823;;;
3290;1887;;;
3310;1953;;;
3330;2043;;;
3350;2054;;;
3370;2164;;;
3390;2129;;;
3410;2101;;;
3430;2134;;;
3450;2121;;;
3470;2229;;;
3490;2246;;;
3510;2218;;;
3530;2344;;;
3550;2358;;;
3570;2365;;;
3590;2417;;;
3610;2387;;;
3630;2502;;;
3650;2573;;;
3670;2518;;;
3690;2638;;;
3710;2619;;;
3730;2685;;;
3750;2624;;;
3770;2752;;;
3790;2693;;;
3810;2832;;;
3830;2744;;;
3850;2816;;;
3870;2902;;;
3890;2788;;;
3910;2934;;;
3930;2882;;;
3950;2873;;;
3970;2943;;;
3990;2928;;;
4010;3028;;;
4030;2982;;;
4050;2977;;;
4070;2973;;;
4090;2949;;;
4110;2982;;;
4130;2974;;;
4150;3027;;;
4170;3000;;;
4190;2997;;;
4210;2996;;;
4230;2999;;;
4250;2931;;;
4270;3047;;;
4290;3035;;;
4310;2963;;;
4330;3043;;;
4350;3035;;;
4370;3046;;;
4390;3054;;;
4410;3157;;;
4430;3069;;;
4450;2994;;;
4470;3063;;;
4490;3046;;;
4510;3060;;;
4530;3116;;;
4550;3065;;;
4570;3097;;;
4590;3062;;;
4610;3135;;;
4630;3147;;;
4650;3049;;;
4670;3055;;;
4690;3118;;;
4710;3106;;;
4730;3086;;;
4750;3033;;;
4770;3001;;;
4790;3066;;;
4810;2961;;;
4830;2925;;;
4850;2914;;;
4870;3080;;;
4890;3043;;;
4910;3016;;;
4930;2951;;;
4950;3082;;;
4970;3072;;;
4990;2941;;;
5010;3010;;;
5030;3025;;;
5050;2993;;;
5070;2918;;;
5090;3004;;;
5110;2934;;;
5130;3026;;;
5150;3002;;;
5170;2931;;;
5190;2920;;;
5210;2893;;;
5230;2974;;;
5250;2953;;;
5270;2985;;;
5290;2925;;;
5310;2814;;;
5330;2855;;;
5350;2838;;;
5370;2933;;;
5390;2793;;;
5410;2832;;;
5430;2789;;;
5450;2869;;;
5470;2757;;;
5490;2784;;;
5510;2769;;;
5530;2771;;;
5550;2696;;;
5570;2769;;;
5590;2743;;;
5610;2727;;;
5630;2852;;;
5650;2701;;;
5670;2741;;;
5690;2690;;;
5710;2807;;;
5730;2650;;;
5750;2770;;;
5770;2649;;;
5790;2787;;;
5810;2767;;;
5830;2629;;;
5850;2637;;;
5870;2677;;;
5890;2666;;;
5910;2647;;;
5930;2733;;;
5950;2806;;;
5970;2670;;;
5990;2747;;;
6010;2631;;;
6030;2565;;;
6050;2595;;;
6070;2609;;;
6090;2655;;;
6110;2559;;;
6130;2697;;;
6150;2646;;;
6170;2680;;;
6190;2625;;;
6210;2705;;;
6230;2646;;;
6250;2673;;;
6270;2723;;;
6290;2598;;;
6310;2740;;;
6330;2708;;;
6350;2636;;;
6370;2716;;;
6390;2721;;;
6410;2661;;;
6430;2684;;;
6450;2662;;;
6470;2568;;;
6490;2711;;;
6510;2717;;;
6530;2689;;;
6550;2571;;;
6570;2720;;;
6590;2676;;;
6610;2670;;;
6630;2711;;;
6650;2705;;;
6670;2622;;;
6690;2678;;;
6710;2662;;;
6730;2530;;;
6750;2608;;;
6770;2661;;;
6790;2670;;;
6810;2653;;;
6830;2682;;;
6850;2725;;;
6870;2600;;;
6890;2589;;;
6910;2580;;;
6930;2653;;;
6950;2589;;;
6970;2651;;;
6990;2628;;;
7010;2637;;;
7030;2671;;;
7050;2491;;;
7070;2526;;;
7090;2572;;;
7110;2524;;;
7130;2628;;;
7150;2582;;;
7170;2591;;;
7190;2491;;;
7210;2583;;;
7230;2545;;;
7250;2577;;;
7270;2519;;;
7290;2622;;;
7310;2486;;;
7330;2481;;;
7350;2508;;;
7370;2500;;;
7390;2421;;;
7410;2441;;;
7430;2564;;;
7450;2380;;;
7470;2389;;;
7490;2433;;;
7510;2346;;;
7530;2403;;;
7550;2404;;;
7570;2337;;;
7590;2386;;;
7610;2385;;;
7630;2256;;;
7650;2210;;;
7670;2350;;;
7690;2341;;;
7710;2308;;;
7730;2222;;;
7750;2190;;;
7770;2260;;;
7790;2160;;;
7810;2179;;;
7830;2173;;;
7850;2167;;;
7870;2119;;;
7890;2084;;;
7910;2081;;;
7930;2165;;;
7950;2021;;;
7970;1996;;;
7990;1953;;;
8010;1925;;;
8030;1943;;;
8050;1873;;;
8070;1919;;;
8090;1856;;;
8110;1845;;;
8130;1855;;;
8150;1875;;;
8170;1806;;;
8190;1782;;;
8210;1889;;;
8230;1717;;;
8250;1786;;;
8270;1752;;;
8290;1694;;;
8310;1758;;;
8330;1648;;;
8350;1634;;;
8370;1763;;;
8390;1540;;;
8410;1613;;;
8430;1617;;;
8450;1612;;;
8470;1575;;;
8490;1613;;;
8510;1470;;;
8530;1522;;;
8550;1501;;;
8570;1450;;;
8590;1495;;;
8610;1556;;;
8630;1498;;;
8650;1485;;;
8670;1431;;;
8690;1379;;;
8710;1358;;;
8730;1335;;;
8750;1319;;;
8770;1294;;;
8790;1325;;;
8810;1323;;;
8830;1328;;;
8850;1253;;;
8870;1315;;;
8890;1218;;;
8910;1252;;;
8930;1187;;;
8950;1196;;;
8970;1214;;;
8990;1163;;;
9010;1257;;;
9030;1186;;;
9050;1185;;;
9070;1127;;;
9090;1104;;;
9110;1158;;;
9130;1113;;;
9150;1097;;;
9170;1058;;;
9190;1026;;;
9210;1013;;;
9230;1082;;;
9250;1047;;;
9270;1020;;;
9290;1008;;;
9310;1050;;;
9330;1022;;;
9350;978;;;
9370;968;;;
9390;960;;;
9410;947;;;
9430;924;;;
9450;914;;;
9470;963;;;
9490;935;;;
9510;875;;;
9530;883;;;
9550;880;;;
9570;828;;;
9590;827;;;
9610;848;;;
9630;823;;;
9650;789;;;
9670;794;;;
9690;764;;;
9710;752;;;
9730;756;;;
9750;758;;;
9770;746;;;
9790;775;;;
9810;724;;;
9830;672;;;
9850;712;;;
9870;681;;;
9890;700;;;
9910;722;;;
9930;701;;;
9950;675;;;
9970;669;;;
9990;679;;;
10010;671;;;
10030;636;;;
10050;653;;;
10070;620;;;
10090;591;;;
10110;602;;;
10130;610;;;
10150;561;;;
10170;563;;;
10190;530;;;
10210;592;;;
10230;549;;;
10250;506;;;
10270;537;;;
10290;500;;;
10310;550;;;
10330;503;;;
10350;507;;;
10370;519;;;
10390;520;;;
10410;478;;;
10430;464;;;
10450;489;;;
10470;431;;;
10490;488;;;
10510;486;;;
10530;461;;;
10550;440;;;
10570;436;;;
10590;470;;;
10610;430;;;
10630;386;;;
10650;401;;;
10670;384;;;
10690;398;;;
10710;355;;;
10730;358;;;
10750;372;;;
10770;353;;;
10790;373;;;
10810;353;;;
10830;356;;;
10850;324;;;
10870;331;;;
10890;320;;;
10910;310;;;
10930;352;;;
10950;311;;;
10970;307;;;
10990;331;;;
11010;301;;;
11030;265;;;
11050;303;;;
11070;274;;;
11090;283;;;
11110;271;;;
11130;249;;;
11150;261;;;
11170;256;;;
11190;258;;;
11210;258;;;
11230;239;;;
11250;244;;;
11270;229;;;
11290;240;;;
11310;220;;;
11330;240;;;
11350;233;;;
11370;192;;;
11390;206;;;
11410;193;;;
11430;215;;;
11450;222;;;
11470;183;;;
11490;218;;;
11510;186;;;
11530;177;;;
11550;172;;;
11570;164;;;
11590;188;;;
11610;175;;;
11630;169;;;
11650;173;;;
11670;178;;;
11690;162;;;
11710;168;;;
11730;138;;;
11750;143;;;
11770;171;;;
11790;139;;;
11810;147;;;
11830;129;;;
11850;161;;;
11870;135;;;
11890;128;;;
11910;131;;;
11930;119;;;
11950;128;;;
11970;145;;;
11990;113;;;
12010;109;;;
12030;128;;;
12050;116;;;
12070;102;;;
12090;107;;;
12110;92;;;
12130;85;;;
12150;110;;;
12170;92;;;
12190;114;;;
12210;74;;;
12230;78;;;
12250;83;;;
12270;79;;;
12290;69;;;
12310;77;;;
12330;84;;;
12350;75;;;
12370;86;;;
12390;75;;;
12410;82;;;
12430;56;;;
12450;70;;;
12470;65;;;
12490;66;;;
12510;50;;;
12530;71;;;
12550;63;;;
12570;47;;;
12590;48;;;
12610;49;;;
12630;44;;;
12650;56;;;
12670;53;;;
12690;41;;;
12710;50;;;
12730;46;;;
12750;42;;;
12770;42;;;
12790;47;;;
12810;40;;;
12830;38;;;
12850;39;;;
12870;26;;;
12890;35;;;
12910;18;;;
12930;22;;;
12950;28;;;
12970;26;;;
12990;29;;;
13010;32;;;
13030;26;;;
13050;33;;;
13070;28;;;
13090;18;;;
13110;16;;;
13130;22;;;
13150;25;;;
13170;23;;;
13190;19;;;
13210;16;;;
13230;18;;;
13250;19;;;
13270;23;;;
13290;13;;;
13310;14;;;
13330;16;;;
13350;15;;;
13370;14;;;
13390;20;;;
13410;22;;;
13430;9;;;
13450;13;;;
13470;13;;;
13490;11;;;
13510;9;;;
13530;9;;;
13550;10;;;
13570;5;;;
13590;7;;;
13610;10;;;
13630;10;;;
13650;5;;;
13670;9;;;
13690;5;;;
13710;9;;;
13730;6;;;
13750;10;;;
13770;6;;;
13790;6;;;
13810;2;;;
13830;3;;;
13850;1;;;
13870;6;;;
13890;10;;;
13910;6;;;
13930;7;;;
13950;5;;;
13970;3;;;
13990;3;;;
14010;4;;;
14030;4;;;
14050;4;;;
14070;6;;;
14090;4;;;
14110;4;;;
14130;4;;;
14150;1;;;
14170;3;;;
14190;2;;;
14210;5;;;
14230;2;;;
14250;5;;;
14270;1;;;
14290;1;;;
14310;3;;;
14330;2;;;
14350;4;;;
14370;3;;;
14390;3;;;
14410;2;;;
14430;4;;;
14450;2;;;
14470;2;;;
14490;1;;;
14510;0;;;
14530;1;;;
14550;5;;;
14570;3;;;
14590;2;;;
14610;1;;;
14630;6;;;
14650;2;;;
14670;1;;;
14690;1;;;
14710;2;;;
14730;2;;;
14750;0;;;
14770;0;;;
14790;3;;;
14810;0;;;
14830;1;;;
14850;5;;;
14870;1;;;
14890;1;;;
14910;3;;;
14930;1;;;
14950;1;;;
14970;1;;;
14990;2;;;
15010;2;;;
15030;0;;;
15050;2;;;
15070;1;;;
15090;2;;;
15110;2;;;
15130;4;;;
15150;1;;;
15170;0;;;
15190;0;;;
15210;4;;;
15230;1;;;
15250;1;;;
15270;2;;;
15290;3;;;
15310;2;;;
15330;0;;;
15350;0;;;
15370;2;;;
15390;1;;;
15410;2;;;
15430;1;;;
15450;3;;;
15470;1;;;
15490;1;;;
15510;1;;;
15530;1;;;
15550;3;;;
15570;4;;;
15590;1;;;
15610;2;;;
15630;3;;;
15650;0;;;
15670;4;;;
15690;0;;;
15710;3;;;
15730;3;;;
15750;0;;;
15770;1;;;
15790;0;;;
15810;2;;;
15830;1;;;
15850;1;;;
15870;1;;;
15890;0;;;
15910;0;;;
15930;3;;;
15950;1;;;
15970;1;;;
15990;3;;;
16010;0;;;
16030;2;;;
16050;0;;;
16070;0;;;
16090;0;;;
16110;1;;;
16130;0;;;
16150;1;;;
16170;1;;;
16190;1;;;
16210;2;;;
16230;2;;;
16250;0;;;
16270;1;;;
16290;1;;;
16310;0;;;
16330;1;;;
16350;1;;;
16370;2;;;
16390;1;;;
16410;0;;;
16430;1;;;
16450;0;;;
16470;1;;;
16490;0;;;
16510;0;;;
16530;0;;;
16550;3;;;
16570;2;;;
16590;1;;;
16610;1;;;
16630;1;;;
16650;1;;;
16670;0;;;
16690;0;;;
16710;3;;;
16730;0;;;
16750;1;;;
16770;2;;;
16790;0;;;
16810;1;;;
16830;1;;;
16850;0;;;
16870;3;;;
16890;0;;;
16910;2;;;
16930;0;;;
16950;1;;;
16970;0;;;
16990;0;;;
17010;1;;;
17030;0;;;
17050;0;;;
17070;1;;;
17090;0;;;
17110;0;;;
17130;3;;;
17150;2;;;
17170;0;;;
17190;0;;;
17210;0;;;
17230;0;;;
17250;1;;;
17270;0;;;
17290;1;;;
17310;1;;;
17330;0;;;
17350;0;;;
17370;1;;;
17390;0;;;
17410;1;;;
17430;1;;;
17450;1;;;
17470;1;;;
17490;0;;;
17510;1;;;
17530;1;;;
17550;1;;;
17570;0;;;
17590;0;;;
17610;0;;;
17630;0;;;
17650;0;;;
17670;0;;;
17690;1;;;
17710;0;;;
17730;1;;;
17750;0;;;
17770;0;;;
17790;1;;;
17810;0;;;
17830;4;;;
17850;0;;;
17870;2;;;
17890;1;;;
17910;1;;;
17930;0;;;
17950;0;;;
17970;0;;;
17990;0;;;
18010;0;;;
18030;0;;;
18050;0;;;
18070;0;;;
18090;0;;;
18110;1;;;
18130;0;;;
18150;0;;;
18170;0;;;
18190;0;;;
18210;0;;;
18230;0;;;
18250;1;;;
18270;0;;;
18290;0;;;
18310;0;;;
18330;1;;;
18350;0;;;
18370;2;;;
18390;2;;;
18410;0;;;
18430;0;;;
18450;0;;;
18470;1;;;
18490;0;;;
18510;0;;;
18530;0;;;
18550;0;;;
18570;0;;;
18590;0;;;
18610;0;;;
18630;1;;;
18650;0;;;
18670;0;;;
18690;0;;;
18710;0;;;
18730;0;;;
18750;1;;;
18770;0;;;
18790;2;;;
18810;0;;;
18830;3;;;
18850;0;;;
18870;1;;;
18890;0;;;
18910;0;;;
18930;0;;;
18950;0;;;
18970;0;;;
18990;0;;;
19010;0;;;
19030;0;;;
19050;0;;;
19070;1;;;
19090;1;;;
19110;1;;;
19130;0;;;
19150;1;;;
19170;0;;;
19190;0;;;
19210;0;;;
19230;0;;;
19250;0;;;
19270;0;;;
19290;1;;;
19310;0;;;
19330;0;;;
19350;0;;;
19370;0;;;
19390;0;;;
19410;0;;;
19430;1;;;
19450;0;;;
19470;0;;;
19490;0;;;
19510;0;;;
19530;0;;;
19550;0;;;
19570;0;;;
19590;0;;;
19610;0;;;
19630;0;;;
19650;0;;;
19670;0;;;
19690;0;;;
19710;0;;;
19730;0;;;
19750;2;;;
19770;0;;;
19790;0;;;
19810;0;;;
19830;0;;;
19850;0;;;
19870;0;;;
19890;0;;;
19910;0;;;
19930;0;;;
19950;0;;;
19970;0;;;
19990;0;;;
20010;1;;;
20030;0;;;
20050;0;;;
20070;0;;;
20090;1;;;
20110;0;;;
20130;0;;;
20150;1;;;
20170;2;;;
20190;0;;;
20210;0;;;
20230;0;;;
20250;1;;;
20270;1;;;
20290;0;;;
20310;0;;;
20330;0;;;
20350;0;;;
20370;0;;;
20390;0;;;
20410;1;;;
20430;1;;;
20450;0;;;
20470;0;;;
20490;1;;;
20510;1;;;
20530;1;;;
20550;0;;;
20570;0;;;
20590;0;;;
20610;0;;;
20630;0;;;
20650;0;;;
20670;0;;;
20690;0;;;
20710;0;;;
20730;0;;;
20750;1;;;
20770;0;;;
20790;0;;;
20810;0;;;
20830;0;;;
20850;0;;;
20870;1;;;
20890;0;;;
20910;1;;;
20930;0;;;
20950;0;;;
20970;0;;;
20990;1;;;
21010;0;;;
21030;0;;;
21050;0;;;
21070;0;;;
21090;0;;;
21110;0;;;
21130;0;;;
21150;0;;;
21170;0;;;
21190;1;;;
21210;1;;;
21230;1;;;
21250;0;;;
21270;0;;;
21290;0;;;
21310;0;;;
21330;0;;;
21350;0;;;
21370;0;;;
21390;0;;;
21410;0;;;
21430;0;;;
21450;1;;;
21470;0;;;
21490;0;;;
21510;0;;;
21530;0;;;
21550;0;;;
21570;0;;;
21590;0;;;
21610;0;;;
21630;0;;;
21650;0;;;
21670;0;;;
21690;1;;;
21710;0;;;
21730;0;;;
21750;0;;;
21770;0;;;
21790;0;;;
21810;0;;;
21830;0;;;
21850;0;;;
21870;1;;;
21890;0;;;
21910;0;;;
21930;0;;;
21950;0;;;
21970;0;;;
21990;0;;;
22010;0;;;
22030;0;;;
22050;0;;;
22070;2;;;
22090;0;;;
22110;1;;;
22130;0;;;
22150;0;;;
22170;0;;;
22190;0;;;
22210;0;;;
22230;0;;;
22250;0;;;
22270;1;;;
22290;0;;;
22310;0;;;
22330;0;;;
22350;0;;;
22370;0;;;
22390;0;;;
22410;0;;;
22430;1;;;
22450;0;;;
22470;0;;;
22490;0;;;
22510;0;;;
22530;0;;;
22550;0;;;
22570;1;;;
22590;0;;;
22610;0;;;
22630;0;;;
22650;0;;;
22670;0;;;
22690;0;;;
22710;0;;;
22730;0;;;
22750;0;;;
22770;0;;;
22790;2;;;
22810;0;;;
22830;0;;;
22850;0;;;
22870;0;;;
22890;0;;;
22910;0;;;
22930;1;;;
22950;0;;;
22970;0;;;
22990;0;;;
23010;0;;;
23030;1;;;
23050;0;;;
23070;0;;;
23090;0;;;
23110;0;;;
23130;1;;;
23150;0;;;
23170;0;;;
23190;0;;;
23210;0;;;
23230;0;;;
23250;0;;;
23270;0;;;
23290;0;;;
23310;1;;;
23330;0;;;
23350;0;;;
23370;0;;;
23390;0;;;
23410;0;;;
23430;0;;;
23450;0;;;
23470;0;;;
23490;0;;;
23510;0;;;
23530;0;;;
23550;0;;;
23570;0;;;
23590;0;;;
23610;0;;;
23630;0;;;
23650;0;;;
23670;0;;;
23690;0;;;
23710;0;;;
23730;1;;;
23750;0;;;
23770;0;;;
23790;0;;;
23810;0;;;
23830;0;;;
23850;0;;;
23870;0;;;
23890;0;;;
23910;0;;;
23930;0;;;
23950;0;;;
23970;0;;;
23990;0;;;
24010;1;;;
24030;0;;;
24050;0;;;
24070;0;;;
24090;0;;;
24110;0;;;
24130;0;;;
24150;0;;;
24170;0;;;
24190;0;;;
24210;0;;;
24230;1;;;
24250;0;;;
24270;0;;;
24290;0;;;
24310;1;;;
24330;0;;;
24350;1;;;
24370;2;;;
24390;0;;;
24410;0;;;
24430;0;;;
24450;0;;;
24470;0;;;
24490;0;;;
24510;0;;;
24530;0;;;
24550;0;;;
24570;0;;;
24590;0;;;
24610;0;;;
24630;0;;;
24650;0;;;
24670;0;;;
24690;0;;;
24710;0;;;
24730;0;;;
24750;0;;;
24770;0;;;
24790;0;;;
24810;0;;;
24830;1;;;
24850;0;;;
24870;0;;;
24890;0;;;
24910;0;;;
24930;0;;;
24950;0;;;
24970;0;;;
24990;0;;;
25010;0;;;
25030;0;;;
25050;0;;;
25070;1;;;
25090;0;;;
25110;0;;;
25130;0;;;
25150;0;;;
25170;0;;;
25190;0;;;
25210;0;;;
25230;0;;;
25250;0;;;
25270;0;;;
25290;0;;;
25310;0;;;
25330;0;;;
25350;0;;;
25370;0;;;
25390;0;;;
25410;0;;;
25430;0;;;
25450;0;;;
25470;0;;;
25490;0;;;
25510;0;;;
25530;1;;;
25550;0;;;
25570;0;;;
25590;1;;;
25610;0;;;
25630;0;;;
25650;1;;;
25670;0;;;
25690;0;;;
25710;0;;;
25730;0;;;
25750;0;;;
25770;0;;;
25790;0;;;
25810;0;;;
25830;0;;;
25850;0;;;
25870;0;;;
25890;0;;;
25910;0;;;
25930;0;;;
25950;1;;;
25970;0;;;
25990;0;;;
26010;0;;;
26030;0;;;
26050;0;;;
26070;0;;;
26090;0;;;
26110;0;;;
26130;0;;;
26150;0;;;
26170;0;;;
26190;0;;;
26210;0;;;
26230;0;;;
26250;0;;;
26270;0;;;
26290;0;;;
26310;0;;;
26330;0;;;
26350;0;;;
26370;1;;;
26390;0;;;
26410;0;;;
26430;0;;;
26450;0;;;
26470;0;;;
26490;0;;;
26510;0;;;
26530;0;;;
26550;0;;;
26570;0;;;
26590;0;;;
26610;0;;;
26630;0;;;
26650;0;;;
26670;0;;;
26690;0;;;
26710;0;;;
26730;0;;;
26750;0;;;
26770;0;;;
26790;0;;;
26810;0;;;
26830;0;;;
26850;0;;;
26870;0;;;
26890;0;;;
26910;0;;;
26930;0;;;
26950;0;;;
26970;0;;;
26990;0;;;
27010;0;;;
27030;0;;;
27050;1;;;
27070;0;;;
27090;0;;;
27110;0;;;
27130;1;;;
27150;0;;;
27170;0;;;
27190;0;;;
27210;0;;;
27230;0;;;
27250;0;;;
27270;0;;;
27290;0;;;
27310;0;;;
27330;0;;;
27350;0;;;
27370;0;;;
27390;0;;;
27410;0;;;
27430;0;;;
27450;0;;;
27470;0;;;
27490;0;;;
27510;0;;;
27530;0;;;
27550;0;;;
27570;0;;;
27590;0;;;
27610;0;;;
27630;0;;;
27650;0;;;
27670;0;;;
27690;0;;;
27710;0;;;
27730;0;;;
27750;0;;;
27770;0;;;
27790;0;;;
27810;0;;;
27830;0;;;
27850;0;;;
27870;0;;;
27890;0;;;
27910;0;;;
27930;0;;;
27950;0;;;
27970;0;;;
27990;0;;;
28010;0;;;
28030;0;;;
28050;0;;;
28070;0;;;
28090;0;;;
28110;0;;;
28130;0;;;
28150;0;;;
28170;0;;;
28190;0;;;
28210;0;;;
28230;0;;;
28250;0;;;
28270;0;;;
28290;0;;;
28310;0;;;
28330;0;;;
28350;0;;;
28370;0;;;
28390;0;;;
28410;0;;;
28430;0;;;
28450;0;;;
28470;0;;;
28490;0;;;
28510;0;;;
28530;0;;;
28550;0;;;
28570;0;;;
28590;0;;;
28610;0;;;
28630;0;;;
28650;0;;;
28670;0;;;
28690;0;;;
28710;0;;;
28730;0;;;
28750;0;;;
28770;1;;;
28790;0;;;
28810;0;;;
28830;0;;;
28850;0;;;
28870;0;;;
28890;0;;;
28910;0;;;
28930;0;;;
28950;0;;;
28970;0;;;
28990;0;;;
29010;0;;;
29030;0;;;
29050;0;;;
29070;0;;;
29090;0;;;
29110;0;;;
29130;0;;;
29150;0;;;
29170;0;;;
29190;0;;;
29210;0;;;
29230;0;;;
29250;0;;;
29270;1;;;
29290;0;;;
29310;0;;;
29330;0;;;
29350;0;;;
29370;0;;;
29390;0;;;
29410;0;;;
29430;0;;;
29450;0;;;
29470;0;;;
29490;0;;;
29510;0;;;
29530;0;;;
29550;0;;;
29570;0;;;
29590;0;;;
29610;0;;;
29630;0;;;
29650;0;;;
29670;0;;;
29690;0;;;
29710;1;;;
29730;0;;;
29750;0;;;
29770;0;;;
29790;0;;;
29810;0;;;
29830;0;;;
29850;0;;;
29870;0;;;
29890;0;;;
29910;0;;;
29930;0;;;
29950;0;;;
29970;0;;;
29990;0;;;
30010;0;;;
30030;0;;;
30050;0;;;
30070;0;;;
30090;0;;;
30110;0;;;
30130;0;;;
30150;0;;;
30170;0;;;
30190;0;;;
30210;0;;;
30230;0;;;
30250;0;;;
30270;0;;;
30290;0;;;
30310;0;;;
30330;0;;;
30350;0;;;
30370;0;;;
30390;0;;;
30410;0;;;
30430;0;;;
30450;0;;;
30470;0;;;
30490;0;;;
30510;0;;;
30530;0;;;
30550;0;;;
30570;0;;;
30590;0;;;
30610;0;;;
30630;0;;;
30650;1;;;
30670;0;;;
30690;0;;;
30710;0;;;
30730;0;;;
30750;0;;;
30770;0;;;
30790;0;;;
30810;0;;;
30830;0;;;
30850;0;;;
30870;0;;;
30890;0;;;
30910;0;;;
30930;0;;;
30950;0;;;
30970;0;;;
30990;0;;;
31010;0;;;
31030;0;;;
31050;0;;;
31070;0;;;
31090;0;;;
31110;0;;;
31130;1;;;
31150;0;;;
31170;0;;;
31190;0;;;
31210;0;;;
31230;0;;;
31250;1;;;
31270;0;;;
31290;0;;;
31310;0;;;
31330;0;;;
31350;0;;;
31370;0;;;
31390;0;;;
31410;0;;;
31430;0;;;
31450;0;;;
31470;0;;;
31490;0;;;
31510;0;;;
31530;1;;;
31550;0;;;
31570;1;;;
31590;0;;;
31610;0;;;
31630;0;;;
31650;0;;;
31670;0;;;
31690;0;;;
31710;0;;;
31730;0;;;
31750;0;;;
31770;0;;;
31790;0;;;
31810;0;;;
31830;0;;;
31850;0;;;
31870;0;;;
31890;0;;;
31910;1;;;
31930;0;;;
31950;0;;;
31970;0;;;
31990;1;;;
32010;0;;;
32030;0;;;
32050;0;;;
32070;0;;;
32090;1;;;
32110;0;;;
32130;0;;;
32150;0;;;
32170;0;;;
32190;0;;;
32210;0;;;
32230;1;;;
32250;0;;;
32270;0;;;
32290;0;;;
32310;0;;;
32330;0;;;
32350;0;;;
32370;0;;;
32390;0;;;
32410;0;;;
32430;1;;;
32450;0;;;
32470;0;;;
32490;0;;;
32510;0;;;
32530;0;;;
32550;0;;;
32570;0;;;
32590;0;;;
32610;0;;;
32630;0;;;
32650;0;;;
32670;0;;;
32690;0;;;
32710;0;;;
32730;0;;;
32750;0;;;
32770;0;;;
32790;0;;;
32810;0;;;
32830;0;;;
32850;0;;;
32870;0;;;
32890;0;;;
32910;0;;;
32930;1;;;
32950;0;;;
32970;0;;;
32990;0;;;
33010;0;;;
33030;0;;;
33050;0;;;
33070;0;;;
33090;0;;;
33110;0;;;
33130;0;;;
33150;0;;;
33170;0;;;
33190;0;;;
33210;0;;;
33230;0;;;
33250;0;;;
33270;0;;;
33290;0;;;
33310;0;;;
33330;0;;;
33350;0;;;
33370;1;;;
33390;0;;;
33410;0;;;
33430;0;;;
33450;0;;;
33470;0;;;
33490;0;;;
33510;1;;;
33530;0;;;
33550;0;;;
33570;0;;;
33590;0;;;
33610;0;;;
33630;0;;;
33650;0;;;
33670;0;;;
33690;0;;;
33710;0;;;
33730;0;;;
33750;0;;;
33770;0;;;
33790;0;;;
33810;0;;;
33830;0;;;
33850;1;;;
33870;0;;;
33890;0;;;
33910;0;;;
33930;0;;;
33950;0;;;
33970;0;;;
33990;0;;;
34010;1;;;
34030;0;;;
34050;0;;;
34070;0;;;
34090;0;;;
34110;0;;;
34130;0;;;
34150;0;;;
34170;0;;;
34190;0;;;
34210;0;;;
34230;0;;;
34250;0;;;
34270;0;;;
34290;0;;;
34310;0;;;
34330;0;;;
34350;0;;;
34370;1;;;
34390;0;;;
34410;0;;;
34430;0;;;
34450;0;;;
34470;1;;;
34490;0;;;
34510;0;;;
34530;0;;;
34550;0;;;
34570;0;;;
34590;0;;;
34610;0;;;
34630;0;;;
34650;0;;;
34670;0;;;
34690;0;;;
34710;0;;;
34730;0;;;
34750;0;;;
34770;0;;;
34790;0;;;
34810;0;;;
34830;0;;;
34850;0;;;
34870;0;;;
34890;1;;;
34910;0;;;
34930;0;;;
34950;0;;;
34970;0;;;
34990;0;;;
35010;0;;;
35030;0;;;
35050;0;;;
35070;0;;;
35090;0;;;
35110;1;;;
35130;0;;;
35150;0;;;
35170;0;;;
35190;0;;;
35210;0;;;
35230;0;;;
35250;0;;;
35270;0;;;
35290;0;;;
35310;0;;;
35330;0;;;
35350;1;;;
35370;0;;;
35390;0;;;
35410;0;;;
35430;0;;;
35450;0;;;
35470;0;;;
35490;0;;;
35510;0;;;
35530;0;;;
35550;0;;;
35570;0;;;
35590;0;;;
35610;0;;;
35630;0;;;
35650;0;;;
35670;0;;;
35690;0;;;
35710;0;;;
35730;0;;;
35750;0;;;
35770;0;;;
35790;0;;;
35810;2;;;
35830;0;;;
35850;0;;;
35870;0;;;
35890;0;;;
35910;0;;;
35930;0;;;
35950;1;;;
35970;0;;;
35990;0;;;
36010;0;;;
36030;0;;;
36050;0;;;
36070;0;;;
36090;0;;;
36110;0;;;
36130;0;;;
36150;0;;;
36170;0;;;
36190;0;;;
36210;0;;;
36230;1;;;
36250;0;;;
36270;0;;;
36290;0;;;
36310;1;;;
36330;0;;;
36350;0;;;
36370;0;;;
36390;0;;;
36410;1;;;
36430;0;;;
36450;0;;;
36470;0;;;
36490;0;;;
36510;0;;;
36530;0;;;
36550;0;;;
36570;0;;;
36590;0;;;
36610;0;;;
36630;0;;;
36650;0;;;
36670;1;;;
36690;0;;;
36710;0;;;
36730;0;;;
36750;0;;;
36770;0;;;
36790;0;;;
36810;1;;;
36830;0;;;
36850;0;;;
36870;0;;;
36890;0;;;
36910;0;;;
36930;0;;;
36950;0;;;
36970;0;;;
36990;0;;;
37010;1;;;
37030;1;;;
37050;0;;;
37070;0;;;
37090;0;;;
37110;0;;;
37130;0;;;
37150;0;;;
37170;0;;;
37190;1;;;
37210;0;;;
37230;0;;;
37250;0;;;
37270;0;;;
37290;1;;;
37310;0;;;
37330;0;;;
37350;0;;;
37370;0;;;
37390;0;;;
37410;0;;;
37430;0;;;
37450;0;;;
37470;0;;;
37490;0;;;
37510;0;;;
37530;0;;;
37550;0;;;
37570;0;;;
37590;0;;;
37610;0;;;
37630;0;;;
37650;0;;;
37670;0;;;
37690;0;;;
37710;0;;;
37730;1;;;
37750;0;;;
37770;0;;;
37790;0;;;
37810;0;;;
37830;0;;;
37850;0;;;
37870;0;;;
37890;0;;;
37910;0;;;
37930;0;;;
37950;1;;;
37970;0;;;
37990;0;;;
38010;1;;;
38030;0;;;
38050;0;;;
38070;0;;;
38090;0;;;
38110;0;;;
38130;0;;;
38150;0;;;
38170;0;;;
38190;0;;;
38210;0;;;
38230;0;;;
38250;0;;;
38270;0;;;
38290;0;;;
38310;0;;;
38330;0;;;
38350;0;;;
38370;0;;;
38390;0;;;
38410;0;;;
38430;0;;;
38450;0;;;
38470;1;;;
38490;0;;;
38510;1;;;
38530;0;;;
38550;0;;;
38570;0;;;
38590;0;;;
38610;0;;;
38630;0;;;
38650;0;;;
38670;0;;;
38690;1;;;
38710;0;;;
38730;0;;;
38750;0;;;
38770;0;;;
38790;0;;;
38810;0;;;
38830;0;;;
38850;0;;;
38870;0;;;
38890;0;;;
38910;0;;;
38930;0;;;
38950;0;;;
38970;0;;;
38990;1;;;
39010;0;;;
39030;0;;;
39050;0;;;
39070;0;;;
39090;0;;;
39110;1;;;
39130;1;;;
39150;0;;;
39170;0;;;
39190;0;;;
39210;0;;;
39230;0;;;
39250;0;;;
39270;0;;;
39290;0;;;
39310;0;;;
39330;1;;;
39350;0;;;
39370;0;;;
39390;0;;;
39410;0;;;
39430;0;;;
39450;0;;;
39470;0;;;
39490;1;;;
39510;0;;;
39530;0;;;
39550;0;;;
39570;0;;;
39590;0;;;
39610;0;;;
39630;0;;;
39650;0;;;
39670;0;;;
39690;0;;;
39710;0;;;
39730;0;;;
39750;0;;;
39770;0;;;
39790;0;;;
39810;0;;;
39830;0;;;
39850;0;;;
39870;0;;;
39890;0;;;
39910;0;;;
39930;0;;;
39950;0;;;
39970;0;;;
39990;1;;;
40010;0;;;
40030;0;;;
40050;1;;;
40070;0;;;
40090;0;;;
40110;0;;;
40130;0;;;
40150;0;;;
40170;0;;;
40190;0;;;
40210;0;;;
40230;0;;;
40250;0;;;
40270;0;;;
40290;0;;;
40310;0;;;
40330;0;;;
40350;0;;;
40370;0;;;
40390;0;;;
40410;0;;;
40430;0;;;
40450;0;;;
40470;0;;;
40490;0;;;
40510;1;;;
40530;0;;;
40550;0;;;
40570;0;;;
40590;0;;;
40610;0;;;
40630;0;;;
40650;0;;;
40670;0;;;
40690;0;;;
40710;0;;;
40730;0;;;
40750;0;;;
40770;0;;;
40790;1;;;
40810;0;;;
40830;0;;;
40850;0;;;
40870;0;;;
40890;0;;;
40910;0;;;
40930;0;;;
40950;1;;;
40970;0;;;
40990;0;;;
41010;0;;;
41030;0;;;
41050;0;;;
41070;0;;;
41090;0;;;
41110;0;;;
41130;0;;;
41150;1;;;
41170;0;;;
41190;0;;;
41210;0;;;
41230;0;;;
41250;0;;;
41270;0;;;
41290;1;;;
41310;0;;;
41330;0;;;
41350;0;;;
41370;0;;;
41390;0;;;
41410;0;;;
41430;0;;;
41450;0;;;
41470;0;;;
41490;0;;;
41510;0;;;
41530;0;;;
41550;0;;;
41570;0;;;
41590;0;;;
41610;0;;;
41630;0;;;
41650;0;;;
41670;0;;;
41690;1;;;
41710;0;;;
41730;0;;;
41750;0;;;
41770;0;;;
41790;0;;;
41810;0;;;
41830;0;;;
41850;0;;;
41870;0;;;
41890;0;;;
41910;0;;;
41930;0;;;
41950;0;;;
41970;0;;;
41990;0;;;
42010;0;;;
42030;0;;;
42050;0;;;
42070;0;;;
42090;1;;;
42110;0;;;
42130;0;;;
42150;0;;;
42170;0;;;
42190;0;;;
42210;0;;;
42230;0;;;
42250;0;;;
42270;0;;;
42290;0;;;
42310;0;;;
42330;0;;;
42350;0;;;
42370;0;;;
42390;0;;;
42410;0;;;
42430;0;;;
42450;0;;;
42470;0;;;
42490;0;;;
42510;0;;;
42530;0;;;
42550;0;;;
42570;0;;;
42590;0;;;
42610;0;;;
42630;0;;;
42650;0;;;
42670;0;;;
42690;0;;;
42710;0;;;
42730;0;;;
42750;0;;;
42770;0;;;
42790;0;;;
42810;0;;;
42830;0;;;
42850;0;;;
42870;0;;;
42890;0;;;
42910;0;;;
42930;0;;;
42950;1;;;
42970;0;;;
42990;0;;;
43010;0;;;
43030;0;;;
43050;0;;;
43070;0;;;
43090;0;;;
43110;0;;;
43130;0;;;
43150;0;;;
43170;0;;;
43190;0;;;
43210;0;;;
43230;0;;;
43250;0;;;
43270;0;;;
43290;0;;;
43310;0;;;
43330;0;;;
43350;0;;;
43370;0;;;
43390;0;;;
43410;0;;;
43430;0;;;
43450;0;;;
43470;0;;;
43490;0;;;
43510;0;;;
43530;0;;;
43550;0;;;
43570;0;;;
43590;0;;;
43610;0;;;
43630;0;;;
43650;0;;;
43670;0;;;
43690;0;;;
43710;0;;;
43730;0;;;
43750;0;;;
43770;0;;;
43790;0;;;
43810;0;;;
43830;0;;;
43850;0;;;
43870;0;;;
43890;0;;;
43910;0;;;
43930;0;;;
43950;0;;;
43970;0;;;
43990;0;;;
44010;0;;;
44030;0;;;
44050;1;;;
44070;0;;;
44090;0;;;
44110;0;;;
44130;0;;;
44150;0;;;
44170;1;;;
44190;0;;;
44210;0;;;
44230;0;;;
44250;0;;;
44270;0;;;
44290;0;;;
44310;0;;;
44330;0;;;
44350;0;;;
44370;0;;;
44390;0;;;
44410;0;;;
44430;0;;;
44450;0;;;
44470;0;;;
44490;1;;;
44510;0;;;
44530;0;;;
44550;0;;;
44570;0;;;
44590;0;;;
44610;0;;;
44630;0;;;
44650;0;;;
44670;0;;;
44690;0;;;
44710;0;;;
44730;0;;;
44750;2;;;
44770;0;;;
44790;0;;;
44810;0;;;
44830;0;;;
44850;0;;;
44870;0;;;
44890;0;;;
44910;0;;;
44930;0;;;
44950;0;;;
44970;0;;;
44990;0;;;
45010;0;;;
45030;0;;;
45050;0;;;
45070;0;;;
45090;0;;;
45110;0;;;
45130;0;;;
45150;0;;;
45170;0;;;
45190;0;;;
45210;0;;;
45230;0;;;
45250;0;;;
45270;0;;;
45290;0;;;
45310;0;;;
45330;0;;;
45350;0;;;
45370;0;;;
45390;0;;;
45410;0;;;
45430;0;;;
45450;0;;;
45470;0;;;
45490;0;;;
45510;0;;;
45530;0;;;
45550;0;;;
45570;0;;;
45590;0;;;
45610;0;;;
45630;0;;;
45650;0;;;
45670;0;;;
45690;0;;;
45710;0;;;
45730;0;;;
45750;0;;;
45770;0;;;
45790;0;;;
45810;0;;;
45830;0;;;
45850;0;;;
45870;0;;;
45890;0;;;
45910;0;;;
45930;0;;;
45950;0;;;
45970;0;;;
45990;0;;;
46010;0;;;
46030;0;;;
46050;0;;;
46070;0;;;
46090;0;;;
46110;0;;;
46130;0;;;
46150;0;;;
46170;0;;;
46190;0;;;
46210;0;;;
46230;0;;;
46250;0;;;
46270;0;;;
46290;0;;;
46310;0;;;
46330;0;;;
46350;0;;;
46370;0;;;
46390;0;;;
46410;0;;;
46430;0;;;
46450;0;;;
46470;0;;;
46490;0;;;
46510;0;;;
46530;0;;;
46550;0;;;
46570;0;;;
46590;0;;;
46610;0;;;
46630;0;;;
46650;0;;;
46670;0;;;
46690;0;;;
46710;0;;;
46730;0;;;
46750;0;;;
46770;0;;;
46790;0;;;
46810;0;;;
46830;0;;;
46850;0;;;
46870;0;;;
46890;0;;;
46910;0;;;
46930;0;;;
46950;0;;;
46970;0;;;
46990;0;;;
47010;0;;;
47030;0;;;
47050;0;;;
47070;0;;;
47090;0;;;
47110;0;;;
47130;0;;;
47150;0;;;
47170;0;;;
47190;0;;;
47210;0;;;
47230;0;;;
47250;0;;;
47270;0;;;
47290;0;;;
47310;0;;;
47330;0;;;
47350;0;;;
47370;0;;;
47390;0;;;
47410;0;;;
47430;0;;;
47450;0;;;
47470;0;;;
47490;0;;;
47510;0;;;
47530;0;;;
47550;0;;;
47570;0;;;
47590;0;;;
47610;0;;;
47630;0;;;
47650;0;;;
47670;0;;;
47690;0;;;
47710;0;;;
47730;0;;;
47750;0;;;
47770;0;;;
47790;0;;;
47810;0;;;
47830;0;;;
47850;0;;;
47870;0;;;
47890;0;;;
47910;0;;;
47930;0;;;
47950;0;;;
47970;0;;;
47990;0;;;
48010;0;;;
48030;0;;;
48050;0;;;
48070;0;;;
48090;0;;;
48110;0;;;
48130;0;;;
48150;0;;;
48170;0;;;
48190;0;;;
48210;0;;;
48230;0;;;
48250;0;;;
48270;0;;;
48290;0;;;
48310;0;;;
48330;0;;;
48350;0;;;
48370;0;;;
48390;0;;;
48410;0;;;
48430;0;;;
48450;0;;;
48470;0;;;
48490;0;;;
48510;0;;;
48530;0;;;
48550;0;;;
48570;0;;;
48590;0;;;
48610;0;;;
48630;0;;;
48650;0;;;
48670;0;;;
48690;0;;;
48710;0;;;
48730;0;;;
48750;0;;;
48770;0;;;
48790;0;;;
48810;0;;;
48830;0;;;
48850;0;;;
48870;0;;;
48890;0;;;
48910;0;;;
48930;0;;;
48950;0;;;
48970;0;;;
48990;0;;;
49010;0;;;
49030;0;;;
49050;0;;;
49070;0;;;
49090;0;;;
49110;0;;;
49130;0;;;
49150;0;;;
49170;0;;;
49190;0;;;
49210;0;;;
49230;0;;;
49250;0;;;
49270;0;;;
49290;0;;;
49310;0;;;
49330;0;;;
49350;0;;;
49370;0;;;
49390;0;;;
49410;0;;;
49430;0;;;
49450;0;;;
49470;0;;;
49490;0;;;
49510;0;;;
49530;0;;;
49550;0;;;
49570;0;;;
49590;0;;;
49610;0;;;
49630;0;;;
49650;0;;;
49670;0;;;
49690;0;;;
49710;0;;;
49730;0;;;
49750;0;;;
49770;0;;;
49790;0;;;
49810;0;;;
49830;0;;;
49850;0;;;
49870;0;;;
49890;0;;;
49910;0;;;
49930;0;;;
49950;0;;;
49970;0;;;
49990;0;;;
50010;0;;;
50030;0;;;
50050;0;;;
50070;0;;;
50090;0;;;
50110;0;;;
50130;0;;;
50150;0;;;
50170;0;;;
50190;0;;;
50210;0;;;
50230;0;;;
50250;0;;;
50270;0;;;
50290;0;;;
50310;0;;;
50330;0;;;
50350;0;;;
50370;0;;;
50390;0;;;
50410;0;;;
50430;0;;;
50450;0;;;
50470;0;;;
50490;0;;;
50510;0;;;
50530;0;;;
50550;0;;;
50570;0;;;
50590;0;;;
50610;0;;;
50630;0;;;
50650;0;;;
50670;0;;;
50690;0;;;
50710;0;;;
50730;0;;;
50750;0;;;
50770;0;;;
50790;0;;;
50810;0;;;
50830;0;;;
50850;0;;;
50870;0;;;
50890;0;;;
50910;0;;;
50930;0;;;
50950;0;;;
50970;0;;;
50990;0;;;
51010;0;;;
51030;0;;;
51050;0;;;
51070;0;;;
51090;0;;;
51110;0;;;
51130;0;;;
51150;0;;;
51170;0;;;
51190;0;;;
51210;0;;;
51230;0;;;
51250;0;;;
51270;0;;;
51290;0;;;
51310;0;;;
51330;0;;;
51350;0;;;
51370;0;;;
51390;0;;;
51410;0;;;
51430;0;;;
51450;0;;;
51470;0;;;
51490;0;;;
51510;0;;;
51530;0;;;
51550;0;;;
51570;0;;;
51590;0;;;
51610;0;;;
51630;0;;;
51650;0;;;
51670;0;;;
51690;0;;;
51710;0;;;
51730;0;;;
51750;0;;;
51770;0;;;
51790;0;;;
51810;0;;;
51830;0;;;
51850;0;;;
51870;0;;;
51890;0;;;
51910;0;;;
51930;0;;;
51950;0;;;
51970;0;;;
51990;0;;;
52010;0;;;
52030;0;;;
52050;0;;;
52070;0;;;
52090;0;;;
52110;0;;;
52130;0;;;
52150;0;;;
52170;0;;;
52190;0;;;
52210;0;;;
52230;0;;;
52250;0;;;
52270;0;;;
52290;0;;;
52310;0;;;
52330;0;;;
52350;0;;;
52370;0;;;
52390;0;;;
52410;0;;;
52430;0;;;
52450;0;;;
52470;0;;;
52490;0;;;
52510;0;;;
52530;0;;;
52550;0;;;
52570;0;;;
52590;0;;;
52610;0;;;
52630;0;;;
52650;0;;;
52670;0;;;
52690;0;;;
52710;0;;;
52730;0;;;
52750;0;;;
52770;0;;;
52790;0;;;
52810;0;;;
52830;0;;;
52850;0;;;
52870;0;;;
52890;0;;;
52910;0;;;
52930;0;;;
52950;0;;;
52970;0;;;
52990;0;;;
53010;0;;;
53030;0;;;
53050;0;;;
53070;0;;;
53090;0;;;
53110;0;;;
53130;0;;;
53150;0;;;
53170;0;;;
53190;0;;;
53210;0;;;
53230;0;;;
53250;0;;;
53270;0;;;
53290;0;;;
53310;0;;;
53330;0;;;
53350;0;;;
53370;0;;;
53390;0;;;
53410;0;;;
53430;0;;;
53450;0;;;
53470;0;;;
53490;0;;;
53510;0;;;
53530;0;;;
53550;0;;;
53570;0;;;
53590;0;;;
53610;0;;;
53630;0;;;
53650;0;;;
53670;0;;;
53690;0;;;
53710;0;;;
53730;0;;;
53750;0;;;
53770;0;;;
53790;0;;;
53810;0;;;
53830;0;;;
53850;0;;;
53870;0;;;
53890;0;;;
53910;0;;;
53930;0;;;
53950;0;;;
53970;0;;;
53990;0;;;
54010;0;;;
54030;0;;;
54050;0;;;
54070;0;;;
54090;0;;;
54110;0;;;
54130;0;;;
54150;0;;;
54170;0;;;
54190;0;;;
54210;0;;;
54230;0;;;
54250;0;;;
54270;0;;;
54290;0;;;
54310;0;;;
54330;0;;;
54350;0;;;
54370;0;;;
54390;0;;;
54410;0;;;
54430;0;;;
54450;0;;;
54470;0;;;
54490;0;;;
54510;0;;;
54530;0;;;
54550;0;;;
54570;0;;;
54590;0;;;
54610;0;;;
54630;0;;;
54650;0;;;
54670;0;;;
54690;0;;;
54710;0;;;
54730;0;;;
54750;0;;;
54770;0;;;
54790;0;;;
54810;0;;;
54830;0;;;
54850;0;;;
54870;0;;;
54890;0;;;
54910;0;;;
54930;0;;;
54950;0;;;
54970;0;;;
54990;0;;;
55010;0;;;
55030;0;;;
55050;0;;;
55070;0;;;
55090;0;;;
55110;0;;;
55130;0;;;
55150;0;;;
55170;0;;;
55190;0;;;
55210;0;;;
55230;0;;;
55250;0;;;
55270;0;;;
55290;0;;;
55310;0;;;
55330;0;;;
55350;0;;;
55370;0;;;
55390;0;;;
55410;0;;;
55430;0;;;
55450;0;;;
55470;0;;;
55490;0;;;
55510;0;;;
55530;0;;;
55550;0;;;
55570;0;;;
55590;0;;;
55610;0;;;
55630;0;;;
55650;0;;;
55670;0;;;
55690;0;;;
55710;0;;;
55730;0;;;
55750;0;;;
55770;0;;;
55790;0;;;
55810;0;;;
55830;0;;;
55850;0;;;
55870;0;;;
55890;0;;;
55910;0;;;
55930;0;;;
55950;0;;;
55970;0;;;
55990;0;;;
56010;0;;;
56030;0;;;
56050;0;;;
56070;0;;;
56090;0;;;
56110;0;;;
56130;0;;;
56150;0;;;
56170;0;;;
56190;0;;;
56210;0;;;
56230;0;;;
56250;0;;;
56270;0;;;
56290;0;;;
56310;0;;;
56330;0;;;
56350;0;;;
56370;0;;;
56390;0;;;
56410;0;;;
56430;0;;;
56450;0;;;
56470;0;;;
56490;0;;;
56510;0;;;
56530;0;;;
56550;0;;;
56570;0;;;
56590;0;;;
56610;0;;;
56630;0;;;
56650;0;;;
56670;0;;;
56690;0;;;
56710;0;;;
56730;0;;;
56750;0;;;
56770;0;;;
56790;0;;;
56810;0;;;
56830;0;;;
56850;0;;;
56870;0;;;
56890;0;;;
56910;0;;;
56930;0;;;
56950;0;;;
56970;0;;;
56990;0;;;
57010;0;;;
57030;0;;;
57050;0;;;
57070;0;;;
57090;0;;;
57110;0;;;
57130;0;;;
57150;0;;;
57170;0;;;
57190;0;;;
57210;0;;;
57230;0;;;
57250;0;;;
57270;0;;;
57290;0;;;
57310;0;;;
57330;0;;;
57350;0;;;
57370;0;;;
57390;0;;;
57410;0;;;
57430;0;;;
57450;0;;;
57470;0;;;
57490;0;;;
57510;0;;;
57530;0;;;
57550;0;;;
57570;0;;;
57590;0;;;
57610;0;;;
57630;0;;;
57650;0;;;
57670;0;;;
57690;0;;;
57710;0;;;
57730;0;;;
57750;0;;;
57770;0;;;
57790;0;;;
57810;0;;;
57830;0;;;
57850;0;;;
57870;0;;;
57890;0;;;
57910;0;;;
57930;0;;;
57950;0;;;
57970;0;;;
57990;0;;;
58010;0;;;
58030;0;;;
58050;0;;;
58070;0;;;
58090;0;;;
58110;0;;;
58130;0;;;
58150;0;;;
58170;0;;;
58190;0;;;
58210;0;;;
58230;0;;;
58250;0;;;
58270;0;;;
58290;0;;;
58310;0;;;
58330;0;;;
58350;0;;;
58370;0;;;
58390;0;;;
58410;0;;;
58430;0;;;
58450;0;;;
58470;0;;;
58490;0;;;
58510;0;;;
58530;0;;;
58550;0;;;
58570;0;;;
58590;0;;;
58610;0;;;
58630;0;;;
58650;0;;;
58670;0;;;
58690;0;;;
58710;0;;;
58730;0;;;
58750;0;;;
58770;0;;;
58790;0;;;
58810;0;;;
58830;0;;;
58850;0;;;
58870;0;;;
58890;0;;;
58910;0;;;
58930;0;;;
58950;0;;;
58970;0;;;
58990;0;;;
59010;0;;;
59030;0;;;
59050;0;;;
59070;0;;;
59090;0;;;
59110;0;;;
59130;0;;;
59150;0;;;
59170;0;;;
59190;0;;;
59210;0;;;
59230;0;;;
59250;0;;;
59270;0;;;
59290;0;;;
59310;0;;;
59330;0;;;
59350;0;;;
59370;0;;;
59390;0;;;
59410;0;;;
59430;0;;;
59450;0;;;
59470;0;;;
59490;0;;;
59510;0;;;
59530;0;;;
59550;0;;;
59570;0;;;
59590;0;;;
59610;0;;;
59630;0;;;
59650;0;;;
59670;0;;;
59690;0;;;
59710;0;;;
59730;0;;;
59750;0;;;
59770;0;;;
59790;0;;;
59810;0;;;
59830;0;;;
59850;0;;;
59870;0;;;
59890;0;;;
59910;0;;;
59930;0;;;
59950;0;;;
59970;0;;;
59990;0;;;
60010;0;;;
60030;0;;;
60050;0;;;
60070;0;;;
60090;0;;;
60110;0;;;
60130;0;;;
60150;0;;;
60170;0;;;
60190;0;;;
60210;0;;;
60230;0;;;
60250;0;;;
60270;0;;;
60290;0;;;
60310;0;;;
60330;0;;;
60350;0;;;
60370;0;;;
60390;0;;;
60410;0;;;
60430;0;;;
60450;0;;;
60470;0;;;
60490;0;;;
60510;0;;;
60530;0;;;
60550;0;;;
60570;0;;;
60590;0;;;
60610;0;;;
60630;0;;;
60650;0;;;
60670;0;;;
60690;0;;;
60710;0;;;
60730;0;;;
60750;0;;;
60770;0;;;
60790;0;;;
60810;0;;;
60830;0;;;
60850;0;;;
60870;0;;;
60890;0;;;
60910;0;;;
60930;0;;;
60950;0;;;
60970;0;;;
60990;0;;;
61010;0;;;
61030;0;;;
61050;0;;;
61070;0;;;
61090;0;;;
61110;0;;;
61130;0;;;
61150;0;;;
61170;0;;;
61190;0;;;
61210;0;;;
61230;0;;;
61250;0;;;
61270;0;;;
61290;0;;;
61310;0;;;
61330;0;;;
61350;0;;;
61370;0;;;
61390;0;;;
61410;0;;;
61430;0;;;
61450;0;;;
61470;0;;;
61490;0;;;
61510;0;;;
61530;0;;;
61550;0;;;
61570;0;;;
61590;0;;;
61610;0;;;
61630;0;;;
61650;0;;;
61670;0;;;
61690;0;;;
61710;0;;;
61730;0;;;
61750;0;;;
61770;0;;;
61790;0;;;
61810;0;;;
61830;0;;;
61850;0;;;
61870;0;;;
61890;0;;;
61910;0;;;
61930;0;;;
61950;0;;;
61970;0;;;
61990;0;;;
62010;0;;;
62030;0;;;
62050;0;;;
62070;0;;;
62090;0;;;
62110;0;;;
62130;0;;;
62150;0;;;
62170;0;;;
62190;0;;;
62210;0;;;
62230;0;;;
62250;0;;;
62270;0;;;
62290;0;;;
62310;0;;;
62330;0;;;
62350;0;;;
62370;0;;;
62390;0;;;
62410;0;;;
62430;0;;;
62450;0;;;
62470;0;;;
62490;0;;;
62510;0;;;
62530;0;;;
62550;0;;;
62570;0;;;
62590;0;;;
62610;0;;;
62630;0;;;
62650;0;;;
62670;0;;;
62690;0;;;
62710;0;;;
62730;0;;;
62750;0;;;
62770;0;;;
62790;0;;;
62810;0;;;
62830;0;;;
62850;0;;;
62870;0;;;
62890;0;;;
62910;0;;;
62930;0;;;
62950;0;;;
62970;0;;;
62990;0;;;
63010;0;;;
63030;0;;;
63050;0;;;
63070;0;;;
63090;0;;;
63110;0;;;
63130;0;;;
63150;0;;;
63170;0;;;
63190;0;;;
63210;0;;;
63230;0;;;
63250;0;;;
63270;0;;;
63290;0;;;
63310;0;;;
63330;0;;;
63350;0;;;
63370;0;;;
63390;0;;;
63410;0;;;
63430;0;;;
63450;0;;;
63470;0;;;
63490;0;;;
63510;0;;;
63530;0;;;
63550;0;;;
63570;0;;;
63590;0;;;
63610;0;;;
63630;0;;;
63650;0;;;
63670;0;;;
63690;0;;;
63710;0;;;
63730;0;;;
63750;0;;;
63770;0;;;
63790;0;;;
63810;0;;;
63830;0;;;
63850;0;;;
63870;0;;;
63890;0;;;
63910;0;;;
63930;0;;;
63950;0;;;
63970;0;;;
63990;0;;;
64010;0;;;
64030;0;;;
64050;0;;;
64070;0;;;
64090;0;;;
64110;0;;;
64130;0;;;
64150;0;;;
64170;0;;;
64190;0;;;
64210;0;;;
64230;0;;;
64250;0;;;
64270;0;;;
64290;0;;;
64310;0;;;
64330;0;;;
64350;0;;;
64370;0;;;
64390;0;;;
64410;0;;;
64430;0;;;
64450;0;;;
64470;0;;;
64490;0;;;
64510;0;;;
64530;0;;;
64550;0;;;
64570;0;;;
64590;0;;;
64610;0;;;
64630;0;;;
64650;0;;;
64670;0;;;
64690;0;;;
64710;0;;;
64730;0;;;
64750;0;;;
64770;0;;;
64790;0;;;
64810;0;;;
64830;0;;;
64850;0;;;
64870;0;;;
64890;0;;;
64910;0;;;
64930;0;;;
64950;0;;;
64970;0;;;
64990;0;;;
65010;0;;;
65030;0;;;
65050;0;;;
65070;0;;;
65090;0;;;
65110;0;;;
65130;0;;;
65150;0;;;
65170;0;;;
65190;0;;;
65210;0;;;
65230;0;;;
65250;0;;;
65270;0;;;
65290;0;;;
65310;0;;;
65330;0;;;
65350;0;;;
65370;0;;;
65390;0;;;
65410;0;;;
65430;0;;;
65450;0;;;
65470;0;;;
65490;0;;;
65510;0;;;
65530;0;;;
65550;0;;;
65570;0;;;
65590;0;;;
65610;0;;;
65630;0;;;
65650;0;;;
65670;0;;;
65690;0;;;
65710;0;;;
65730;0;;;
65750;0;;;
65770;0;;;
65790;0;;;
65810;0;;;
65830;0;;;
65850;0;;;
65870;0;;;
65890;0;;;
65910;0;;;
65930;0;;;
65950;0;;;
65970;0;;;
65990;0;;;
66010;0;;;
66030;0;;;
66050;0;;;
66070;0;;;
66090;0;;;
66110;0;;;
66130;0;;;
66150;0;;;
66170;0;;;
66190;0;;;
66210;0;;;
66230;0;;;
66250;0;;;
66270;0;;;
66290;0;;;
66310;0;;;
66330;0;;;
66350;0;;;
66370;0;;;
66390;0;;;
66410;0;;;
66430;0;;;
66450;0;;;
66470;0;;;
66490;0;;;
66510;0;;;
66530;0;;;
66550;0;;;
66570;0;;;
66590;0;;;
66610;0;;;
66630;0;;;
66650;0;;;
66670;0;;;
66690;0;;;
66710;0;;;
66730;0;;;
66750;0;;;
66770;0;;;
66790;0;;;
66810;0;;;
66830;0;;;
66850;0;;;
66870;0;;;
66890;0;;;
66910;0;;;
66930;0;;;
66950;0;;;
66970;0;;;
66990;0;;;
67010;0;;;
67030;0;;;
67050;0;;;
67070;0;;;
67090;0;;;
67110;0;;;
67130;0;;;
67150;0;;;
67170;0;;;
67190;0;;;
67210;0;;;
67230;0;;;
67250;0;;;
67270;0;;;
67290;0;;;
67310;0;;;
67330;0;;;
67350;0;;;
67370;0;;;
67390;0;;;
67410;0;;;
67430;0;;;
67450;0;;;
67470;0;;;
67490;0;;;
67510;0;;;
67530;0;;;
67550;0;;;
67570;0;;;
67590;0;;;
67610;0;;;
67630;0;;;
67650;0;;;
67670;0;;;
67690;0;;;
67710;0;;;
67730;0;;;
67750;0;;;
67770;0;;;
67790;0;;;
67810;0;;;
67830;0;;;
67850;0;;;
67870;0;;;
67890;0;;;
67910;0;;;
67930;0;;;
67950;0;;;
67970;0;;;
67990;0;;;
68010;0;;;
68030;0;;;
68050;0;;;
68070;0;;;
68090;0;;;
68110;0;;;
68130;0;;;
68150;0;;;
68170;0;;;
68190;0;;;
68210;0;;;
68230;0;;;
68250;0;;;
68270;0;;;
68290;0;;;
68310;0;;;
68330;0;;;
68350;0;;;
68370;0;;;
68390;0;;;
68410;0;;;
68430;0;;;
68450;0;;;
68470;0;;;
68490;0;;;
68510;0;;;
68530;0;;;
68550;0;;;
68570;0;;;
68590;0;;;
68610;0;;;
68630;0;;;
68650;0;;;
68670;0;;;
68690;0;;;
68710;0;;;
68730;0;;;
68750;0;;;
68770;0;;;
68790;0;;;
68810;0;;;
68830;0;;;
68850;0;;;
68870;0;;;
68890;0;;;
68910;0;;;
68930;0;;;
68950;0;;;
68970;0;;;
68990;0;;;
69010;0;;;
69030;0;;;
69050;0;;;
69070;0;;;
69090;0;;;
69110;0;;;
69130;0;;;
69150;0;;;
69170;0;;;
69190;0;;;
69210;0;;;
69230;0;;;
69250;0;;;
69270;0;;;
69290;0;;;
69310;0;;;
69330;0;;;
69350;0;;;
69370;0;;;
69390;0;;;
69410;0;;;
69430;0;;;
69450;0;;;
69470;0;;;
69490;0;;;
69510;0;;;
69530;0;;;
69550;0;;;
69570;0;;;
69590;0;;;
69610;0;;;
69630;0;;;
69650;0;;;
69670;0;;;
69690;0;;;
69710;0;;;
69730;0;;;
69750;0;;;
69770;0;;;
69790;0;;;
69810;0;;;
69830;0;;;
69850;0;;;
69870;0;;;
69890;0;;;
69910;0;;;
69930;0;;;
69950;0;;;
69970;0;;;
69990;0;;;
70010;0;;;
70030;0;;;
70050;0;;;
70070;0;;;
70090;0;;;
70110;0;;;
70130;0;;;
70150;0;;;
70170;0;;;
70190;0;;;
70210;0;;;
70230;0;;;
70250;0;;;
70270;0;;;
70290;0;;;
70310;0;;;
70330;0;;;
70350;0;;;
70370;0;;;
70390;0;;;
70410;0;;;
70430;0;;;
70450;0;;;
70470;0;;;
70490;0;;;
70510;0;;;
70530;0;;;
70550;0;;;
70570;0;;;
70590;0;;;
70610;0;;;
70630;0;;;
70650;0;;;
70670;0;;;
70690;0;;;
70710;0;;;
70730;0;;;
70750;0;;;
70770;0;;;
70790;0;;;
70810;0;;;
70830;0;;;
70850;0;;;
70870;0;;;
70890;0;;;
70910;0;;;
70930;0;;;
70950;0;;;
70970;0;;;
70990;0;;;
71010;0;;;
71030;0;;;
71050;0;;;
71070;0;;;
71090;0;;;
71110;0;;;
71130;0;;;
71150;0;;;
71170;0;;;
71190;0;;;
71210;0;;;
71230;0;;;
71250;0;;;
71270;0;;;
71290;0;;;
71310;0;;;
71330;0;;;
71350;0;;;
71370;0;;;
71390;0;;;
71410;0;;;
71430;0;;;
71450;0;;;
71470;0;;;
71490;0;;;
71510;0;;;
71530;0;;;
71550;0;;;
71570;0;;;
71590;0;;;
71610;0;;;
71630;0;;;
71650;0;;;
71670;0;;;
71690;0;;;
71710;0;;;
71730;0;;;
71750;0;;;
71770;0;;;
71790;0;;;
71810;0;;;
71830;0;;;
71850;0;;;
71870;0;;;
71890;0;;;
71910;0;;;
71930;0;;;
71950;0;;;
71970;0;;;
71990;0;;;
72010;0;;;
72030;0;;;
72050;0;;;
72070;0;;;
72090;0;;;
72110;0;;;
72130;0;;;
72150;0;;;
72170;0;;;
72190;0;;;
72210;0;;;
72230;0;;;
72250;0;;;
72270;0;;;
72290;0;;;
72310;0;;;
72330;0;;;
72350;0;;;
72370;0;;;
72390;0;;;
72410;0;;;
72430;0;;;
72450;0;;;
72470;0;;;
72490;0;;;
72510;0;;;
72530;0;;;
72550;0;;;
72570;0;;;
72590;0;;;
72610;0;;;
72630;0;;;
72650;0;;;
72670;0;;;
72690;0;;;
72710;0;;;
72730;0;;;
72750;0;;;
72770;0;;;
72790;0;;;
72810;0;;;
72830;0;;;
72850;0;;;
72870;0;;;
72890;0;;;
72910;0;;;
72930;0;;;
72950;0;;;
72970;0;;;
72990;0;;;
73010;0;;;
73030;0;;;
73050;0;;;
73070;0;;;
73090;0;;;
73110;0;;;
73130;0;;;
73150;0;;;
73170;0;;;
73190;0;;;
73210;0;;;
73230;0;;;
73250;0;;;
73270;0;;;
73290;0;;;
73310;0;;;
73330;0;;;
73350;0;;;
73370;0;;;
73390;0;;;
73410;0;;;
73430;0;;;
73450;0;;;
73470;0;;;
73490;0;;;
73510;0;;;
73530;0;;;
73550;0;;;
73570;0;;;
73590;0;;;
73610;0;;;
73630;0;;;
73650;0;;;
73670;0;;;
73690;0;;;
73710;0;;;
73730;0;;;
73750;0;;;
73770;0;;;
73790;0;;;
73810;0;;;
73830;0;;;
73850;0;;;
73870;0;;;
73890;0;;;
73910;0;;;
73930;0;;;
73950;0;;;
73970;0;;;
73990;0;;;
74010;0;;;
74030;0;;;
74050;0;;;
74070;0;;;
74090;0;;;
74110;0;;;
74130;0;;;
74150;0;;;
74170;0;;;
74190;0;;;
74210;0;;;
74230;0;;;
74250;0;;;
74270;0;;;
74290;0;;;
74310;0;;;
74330;0;;;
74350;0;;;
74370;0;;;
74390;0;;;
74410;0;;;
74430;0;;;
74450;0;;;
74470;0;;;
74490;0;;;
74510;0;;;
74530;0;;;
74550;0;;;
74570;0;;;
74590;0;;;
74610;0;;;
74630;0;;;
74650;0;;;
74670;0;;;
74690;0;;;
74710;0;;;
74730;0;;;
74750;0;;;
74770;0;;;
74790;0;;;
74810;0;;;
74830;0;;;
74850;0;;;
74870;0;;;
74890;0;;;
74910;0;;;
74930;0;;;
74950;0;;;
74970;0;;;
74990;0;;;
75010;0;;;
75030;0;;;
75050;0;;;
75070;0;;;
75090;0;;;
75110;0;;;
75130;0;;;
75150;0;;;
75170;0;;;
75190;0;;;
75210;0;;;
75230;0;;;
75250;0;;;
75270;0;;;
75290;0;;;
75310;0;;;
75330;0;;;
75350;0;;;
75370;0;;;
75390;0;;;
75410;0;;;
75430;0;;;
75450;0;;;
75470;0;;;
75490;0;;;
75510;0;;;
75530;0;;;
75550;0;;;
75570;0;;;
75590;0;;;
75610;0;;;
75630;0;;;
75650;0;;;
75670;0;;;
75690;0;;;
75710;0;;;
75730;0;;;
75750;0;;;
75770;0;;;
75790;0;;;
75810;0;;;
75830;0;;;
75850;0;;;
75870;0;;;
75890;0;;;
75910;0;;;
75930;0;;;
75950;0;;;
75970;0;;;
75990;0;;;
76010;0;;;
76030;0;;;
76050;0;;;
76070;0;;;
76090;0;;;
76110;0;;;
76130;0;;;
76150;0;;;
76170;0;;;
76190;0;;;
76210;0;;;
76230;0;;;
76250;0;;;
76270;0;;;
76290;0;;;
76310;0;;;
76330;0;;;
76350;0;;;
76370;0;;;
76390;0;;;
76410;0;;;
76430;0;;;
76450;0;;;
76470;0;;;
76490;0;;;
76510;0;;;
76530;0;;;
76550;0;;;
76570;0;;;
76590;0;;;
76610;0;;;
76630;0;;;
76650;0;;;
76670;0;;;
76690;0;;;
76710;0;;;
76730;0;;;
76750;0;;;
76770;0;;;
76790;0;;;
76810;0;;;
76830;0;;;
76850;0;;;
76870;0;;;
76890;0;;;
76910;0;;;
76930;0;;;
76950;0;;;
76970;0;;;
76990;0;;;
77010;0;;;
77030;0;;;
77050;0;;;
77070;0;;;
77090;0;;;
77110;0;;;
77130;0;;;
77150;0;;;
77170;0;;;
77190;0;;;
77210;0;;;
77230;0;;;
77250;0;;;
77270;0;;;
77290;0;;;
77310;0;;;
77330;0;;;
77350;0;;;
77370;0;;;
77390;0;;;
77410;0;;;
77430;0;;;
77450;0;;;
77470;0;;;
77490;0;;;
77510;0;;;
77530;0;;;
77550;0;;;
77570;0;;;
77590;0;;;
77610;0;;;
77630;0;;;
77650;0;;;
77670;0;;;
77690;0;;;
77710;0;;;
77730;0;;;
77750;0;;;
77770;0;;;
77790;0;;;
77810;0;;;
77830;0;;;
77850;0;;;
77870;0;;;
77890;0;;;
77910;0;;;
77930;0;;;
77950;0;;;
77970;0;;;
77990;0;;;
78010;0;;;
78030;0;;;
78050;0;;;
78070;0;;;
78090;0;;;
78110;0;;;
78130;0;;;
78150;0;;;
78170;0;;;
78190;0;;;
78210;0;;;
78230;0;;;
78250;0;;;
78270;0;;;
78290;0;;;
78310;0;;;
78330;0;;;
78350;0;;;
78370;0;;;
78390;0;;;
78410;0;;;
78430;0;;;
78450;0;;;
78470;0;;;
78490;0;;;
78510;0;;;
78530;0;;;
78550;0;;;
78570;0;;;
78590;0;;;
78610;0;;;
78630;0;;;
78650;0;;;
78670;0;;;
78690;0;;;
78710;0;;;
78730;0;;;
78750;0;;;
78770;0;;;
78790;0;;;
78810;0;;;
78830;0;;;
78850;0;;;
78870;0;;;
78890;0;;;
78910;0;;;
78930;0;;;
78950;0;;;
78970;0;;;
78990;0;;;
79010;0;;;
79030;0;;;
79050;0;;;
79070;0;;;
79090;0;;;
79110;0;;;
79130;0;;;
79150;0;;;
79170;0;;;
79190;0;;;
79210;0;;;
79230;0;;;
79250;0;;;
79270;0;;;
79290;0;;;
79310;0;;;
79330;0;;;
79350;0;;;
79370;0;;;
79390;0;;;
79410;0;;;
79430;0;;;
79450;0;;;
79470;0;;;
79490;0;;;
79510;0;;;
79530;0;;;
79550;0;;;
79570;0;;;
79590;0;;;
79610;0;;;
79630;0;;;
79650;0;;;
79670;0;;;
79690;0;;;
79710;0;;;
79730;0;;;
79750;0;;;
79770;0;;;
79790;0;;;
79810;0;;;
79830;0;;;
79850;0;;;
79870;0;;;
79890;0;;;
79910;0;;;
79930;0;;;
79950;0;;;
79970;0;;;
79990;0;;;
80010;0;;;
80030;0;;;
80050;0;;;
80070;0;;;
80090;0;;;
80110;0;;;
80130;0;;;
80150;0;;;
80170;0;;;
80190;0;;;
80210;0;;;
80230;0;;;
80250;0;;;
80270;0;;;
80290;0;;;
80310;0;;;
80330;0;;;
80350;0;;;
80370;0;;;
80390;0;;;
80410;0;;;
80430;0;;;
80450;0;;;
80470;0;;;
80490;0;;;
80510;0;;;
80530;0;;;
80550;0;;;
80570;0;;;
80590;0;;;
80610;0;;;
80630;0;;;
80650;0;;;
80670;0;;;
80690;0;;;
80710;0;;;
80730;0;;;
80750;0;;;
80770;0;;;
80790;0;;;
80810;0;;;
80830;0;;;
80850;0;;;
80870;0;;;
80890;0;;;
80910;0;;;
80930;0;;;
80950;0;;;
80970;0;;;
80990;0;;;
81010;0;;;
81030;0;;;
81050;0;;;
81070;0;;;
81090;0;;;
81110;0;;;
81130;0;;;
81150;0;;;
81170;0;;;
81190;0;;;
81210;0;;;
81230;0;;;
81250;0;;;
81270;0;;;
81290;0;;;
81310;0;;;
81330;0;;;
81350;0;;;
81370;0;;;
81390;0;;;
81410;0;;;
81430;0;;;
81450;0;;;
81470;0;;;
81490;0;;;
81510;0;;;
81530;0;;;
81550;0;;;
81570;0;;;
81590;0;;;
81610;0;;;
81630;0;;;
81650;0;;;
81670;0;;;
81690;0;;;
81710;0;;;
81730;0;;;
81750;0;;;
81770;0;;;
81790;0;;;
81810;0;;;
