Channel	On	Off
-98 	162	0
-94 	174	0
-90 	191	0
-86 	186	0
-82 	221	0
-78 	197	0
-74 	240	0
-70 	255	0
-66 	268	0
-62 	292	0
-58 	279	0
-54 	282	0
-50 	307	0
-46 	324	0
-42 	324	0
-38 	361	0
-34 	389	0
-30 	371	0
-26 	403	0
-22 	450	0
-18 	435	0
-14 	440	0
-10 	482	7
-6 	560	92
-2 	1060	748
2 	1800	1669
6 	626	101
10 	530	6
14 	554	1
18 	529	0
22 	575	2
26 	569	1
30 	639	3
34 	601	2
38 	612	1
42 	655	3
46 	607	1
50 	668	8
54 	613	6
58 	709	6
62 	653	13
66 	686	16
70 	641	11
74 	703	21
78 	742	36
82 	670	39
86 	744	50
90 	764	72
94 	776	84
98 	800	123
102 	786	117
106 	863	164
110 	883	215
114 	892	280
118 	977	361
122 	964	459
126 	1017	525
130 	1069	629
134 	1253	846
138 	1368	1053
142 	1440	1197
146 	1540	1545
150 	1767	1829
154 	1926	2213
158 	2227	2588
162 	2588	3164
166 	2805	3589
170 	3159	4476
174 	3594	5374
178 	4299	6207
182 	4872	7205
186 	5596	8406
190 	6535	9853
194 	7308	11324
198 	8272	12875
202 	9367	14856
206 	10633	16970
210 	12075	19096
214 	13670	21799
218 	15518	24586
222 	17231	27498
226 	19451	30846
230 	21791	34829
234 	24462	38747
238 	27077	42879
242 	30068	47506
246 	32918	52300
250 	36532	57190
254 	40168	63315
258 	44223	68270
262 	48567	75585
266 	52677	81974
270 	57277	88432
274 	62843	96315
278 	67782	103784
282 	73020	111605
286 	78636	119252
290 	84385	128469
294 	90475	136172
298 	95968	144625
302 	101294	152770
306 	107637	160267
310 	113055	168312
314 	117613	175650
318 	123035	181810
322 	127077	188444
326 	131633	193182
330 	134852	196773
334 	137268	200834
338 	138299	202571
342 	140648	203519
346 	139956	203806
350 	140035	203308
354 	138564	200942
358 	136573	197072
362 	134189	193508
366 	130704	187256
370 	126960	181873
374 	121940	176108
378 	117488	168032
382 	112964	161371
386 	106397	153593
390 	101596	145523
394 	95476	137006
398 	90530	129142
402 	85522	120872
406 	80092	113995
410 	74669	106406
414 	69866	99005
418 	64668	92220
422 	60287	85291
426 	56021	79460
430 	52421	74053
434 	48530	68062
438 	45054	63294
442 	41442	57974
446 	38307	53692
450 	35479	49923
454 	32697	45968
458 	30412	42353
462 	28090	38969
466 	25824	36423
470 	24183	33546
474 	22048	30845
478 	20611	28464
482 	19175	26476
486 	17633	24582
490 	16614	22983
494 	15689	21501
498 	14693	20278
502 	13712	19427
506 	13127	18390
510 	12513	17710
514 	12062	16989
518 	11728	16553
522 	11463	16463
526 	11095	16432
530 	11136	16375
534 	11034	16621
538 	11218	16916
542 	11514	17197
546 	11855	17915
550 	12191	18316
554 	12658	19505
558 	13154	20337
562 	13674	21241
566 	14733	22571
570 	15254	23797
574 	16250	25323
578 	17096	27124
582 	18340	28807
586 	19393	30623
590 	20831	32352
594 	22287	34432
598 	23467	36556
602 	24604	39137
606 	26210	41028
610 	27763	42785
614 	29208	45380
618 	31240	47798
622 	32604	49864
626 	34191	52136
630 	35193	54583
634 	36663	56153
638 	37840	58034
642 	38776	59241
646 	39574	60697
650 	40847	61122
654 	41311	62175
658 	42098	62566
662 	41989	63105
666 	42034	62378
670 	41641	62393
674 	41643	61843
678 	40895	60753
682 	40030	59519
686 	39185	57875
690 	38203	56223
694 	37319	54712
698 	35923	52647
702 	34200	50107
706 	33258	48380
710 	31137	45909
714 	29767	44124
718 	28559	41189
722 	26824	39288
726 	25508	36958
730 	23989	35010
734 	22685	33223
738 	21313	30859
742 	20105	29375
746 	18896	27688
750 	17749	25710
754 	16480	24022
758 	15471	22830
762 	14504	21190
766 	13751	19926
770 	12819	18503
774 	12043	17422
778 	11272	16462
782 	10840	15373
786 	10012	14413
790 	9365	13672
794 	8735	12690
798 	8333	11918
802 	8028	11430
806 	7347	10718
810 	6923	10113
814 	6731	9700
818 	6128	9226
822 	6187	8642
826 	5559	8291
830 	5304	7800
834 	5143	7411
838 	4963	7190
842 	4676	6802
846 	4698	6675
850 	4454	6446
854 	4235	6490
858 	4082	6088
862 	4058	5884
866 	3898	5745
870 	3717	5681
874 	3652	5557
878 	3581	5433
882 	3567	5557
886 	3506	5328
890 	3519	5334
894 	3481	5056
898 	3516	5069
902 	3375	5325
906 	3312	5158
910 	3397	5199
914 	3322	5202
918 	3467	5231
922 	3426	5273
926 	3429	5232
930 	3382	5232
934 	3504	5278
938 	3468	5268
942 	3557	5369
946 	3594	5349
950 	3620	5551
954 	3660	5582
958 	3634	5609
962 	3565	5558
966 	3721	5674
970 	3702	5682
974 	3698	5583
978 	3786	5591
982 	3694	5598
986 	3743	5565
990 	3577	5413
994 	3549	5511
998 	3546	5360
1002 	3418	5253
1006 	3462	4920
1010 	3282	4989
1014 	3084	4827
1018 	3062	4750
1022 	2975	4439
1026 	2879	4240
1030 	2700	4148
1034 	2645	3933
1038 	2548	3746
1042 	2383	3573
1046 	2252	3402
1050 	2179	3252
1054 	2037	3115
1058 	1907	2944
1062 	1908	2909
1066 	1738	2634
1070 	1721	2392
1074 	1575	2449
1078 	1569	2129
1082 	1396	2095
1086 	1269	1935
1090 	1272	1851
1094 	1149	1823
1098 	1110	1647
1102 	1068	1545
1106 	1055	1523
1110 	983	1417
1114 	942	1337
1118 	906	1293
1122 	809	1247
1126 	824	1155
1130 	776	1078
1134 	738	1060
1138 	738	1034
1142 	655	1050
1146 	636	897
1150 	615	902
1154 	568	852
1158 	529	842
1162 	603	823
1166 	570	828
1170 	494	761
1174 	493	736
1178 	480	701
1182 	504	725
1186 	451	705
1190 	415	692
1194 	434	646
1198 	404	576
1202 	415	579
1206 	421	595
1210 	380	566
1214 	393	555
1218 	375	579
1222 	345	499
1226 	361	567
1230 	378	515
1234 	344	540
1238 	356	538
1242 	357	528
1246 	301	498
1250 	320	501
1254 	347	494
1258 	295	471
1262 	318	533
1266 	330	440
1270 	328	470
1274 	292	487
1278 	320	523
1282 	327	465
1286 	295	473
1290 	322	468
1294 	318	465
1298 	322	474
1302 	305	437
1306 	297	460
1310 	268	401
1314 	306	412
1318 	312	463
1322 	265	437
1326 	274	380
1330 	279	389
1334 	244	375
1338 	235	379
1342 	235	373
1346 	239	328
1350 	247	310
1354 	213	334
1358 	188	312
1362 	186	315
1366 	198	331
1370 	177	267
1374 	165	255
1378 	157	240
1382 	188	239
1386 	141	232
1390 	133	223
1394 	121	202
1398 	108	187
1402 	124	176
1406 	123	161
1410 	113	188
1414 	74	146
1418 	113	153
1422 	108	128
1426 	84	156
1430 	112	141
1434 	80	141
1438 	78	109
1442 	72	99
1446 	84	114
1450 	68	116
1454 	68	112
1458 	80	103
1462 	58	83
1466 	76	72
1470 	73	85
1474 	51	98
1478 	46	94
1482 	49	85
1486 	50	76
1490 	43	71
1494 	63	85
1498 	47	75
1502 	33	68
1506 	50	66
1510 	39	66
1514 	47	68
1518 	44	56
1522 	42	61
1526 	43	58
1530 	36	61
1534 	59	58
1538 	36	52
1542 	33	45
1546 	34	64
1550 	28	48
1554 	40	47
1558 	29	50
1562 	37	41
1566 	40	53
1570 	31	53
1574 	39	57
1578 	39	43
1582 	26	46
1586 	23	32
1590 	31	40
1594 	36	43
1598 	26	50
1602 	27	45
1606 	25	43
1610 	24	29
1614 	20	38
1618 	27	25
1622 	16	35
1626 	23	40
1630 	25	36
1634 	24	35
1638 	24	31
1642 	23	34
1646 	22	29
1650 	25	27
1654 	22	38
1658 	25	25
1662 	21	27
1666 	13	27
1670 	15	35
1674 	20	24
1678 	15	17
1682 	15	21
1686 	10	31
1690 	15	21
1694 	14	23
1698 	15	23
1702 	13	18
1706 	6	18
1710 	20	16
1714 	7	10
1718 	7	14
1722 	15	13
1726 	9	12
1730 	10	15
1734 	10	7
1738 	8	16
1742 	7	13
1746 	13	13
1750 	13	9
1754 	9	11
1758 	10	11
1762 	5	10
1766 	6	11
1770 	7	5
1774 	2	10
1778 	4	7
1782 	5	10
1786 	10	16
1790 	6	7
1794 	2	7
1798 	6	6
1802 	3	10
1806 	8	7
1810 	5	7
1814 	7	10
1818 	3	5
1822 	7	3
1826 	2	6
1830 	3	9
1834 	8	9
1838 	3	3
1842 	4	8
1846 	3	9
1850 	11	4
1854 	4	5
1858 	2	5
1862 	3	7
1866 	2	6
1870 	3	4
1874 	7	1
1878 	4	4
1882 	2	7
1886 	3	4
1890 	4	3
1894 	2	0
1898 	3	2
1902 	6	5
1906 	4	5
1910 	3	4
1914 	0	3
1918 	1	3
1922 	1	2
1926 	4	1
1930 	3	3
1934 	0	3
1938 	2	1
1942 	3	1
1946 	2	1
1950 	4	4
1954 	2	3
1958 	1	1
1962 	1	1
1966 	4	4
1970 	2	2
1974 	2	7
1978 	2	3
1982 	3	1
1986 	2	3
1990 	1	2
1994 	3	3
1998 	1	3
2002 	0	3
2006 	2	2
2010 	2	5
2014 	2	2
2018 	2	3
2022 	1	0
2026 	1	2
2030 	2	2
2034 	1	0
2038 	1	1
2042 	0	1
2046 	0	0
2050 	1	1
2054 	1	0
2058 	1	0
2062 	2	3
2066 	1	0
2070 	0	1
2074 	2	0
2078 	0	3
2082 	0	0
2086 	0	2
2090 	3	1
2094 	0	3
2098 	1	0
2102 	1	1
2106 	1	0
2110 	0	1
2114 	0	0
2118 	0	1
2122 	0	0
2126 	1	1
2130 	1	1
2134 	0	1
2138 	0	2
2142 	1	2
2146 	0	0
2150 	0	0
2154 	1	0
2158 	1	0
2162 	0	1
2166 	2	0
2170 	0	0
2174 	1	0
2178 	1	2
2182 	2	0
2186 	0	0
2190 	1	1
2194 	1	0
2198 	1	2
2202 	1	1
2206 	0	0
2210 	1	0
2214 	1	0
2218 	0	1
2222 	0	0
2226 	1	0
2230 	0	0
2234 	0	0
2238 	0	1
2242 	2	0
2246 	0	0
2250 	0	0
2254 	1	0
2258 	1	0
2262 	0	3
2266 	2	1
2270 	0	0
2274 	1	1
2278 	0	1
2282 	1	0
2286 	0	2
2290 	0	1
2294 	0	0
2298 	1	1
2302 	1	0
2306 	0	0
2310 	0	0
2314 	0	1
2318 	0	0
2322 	0	0
2326 	0	0
2330 	0	0
2334 	0	0
2338 	2	0
2342 	1	0
2346 	0	1
2350 	0	0
2354 	1	0
2358 	0	0
2362 	0	0
2366 	1	0
2370 	0	0
2374 	0	0
2378 	0	0
2382 	0	0
2386 	1	0
2390 	0	0
2394 	1	1
2398 	0	0
2402 	0	0
2406 	2	0
2410 	0	0
2414 	0	0
2418 	0	0
2422 	0	0
2426 	0	0
2430 	1	0
2434 	0	0
2438 	0	0
2442 	0	0
2446 	0	0
2450 	0	0
2454 	0	0
2458 	0	0
2462 	0	0
2466 	0	0
2470 	0	0
2474 	0	0
2478 	0	0
2482 	1	0
2486 	1	0
2490 	0	0
2494 	2	0
2498 	0	0
2502 	0	0
2506 	0	0
2510 	0	0
2514 	1	0
2518 	0	0
2522 	0	0
2526 	1	0
2530 	0	0
2534 	0	0
2538 	0	0
2542 	0	0
2546 	0	0
2550 	0	0
2554 	0	1
2558 	0	0
2562 	0	0
2566 	0	0
2570 	0	0
2574 	0	0
2578 	0	0
2582 	0	0
2586 	0	0
2590 	0	0
2594 	0	0
2598 	0	0
2602 	1	0
2606 	0	0
2610 	0	0
2614 	0	1
2618 	0	0
2622 	0	0
2626 	0	0
2630 	0	0
2634 	0	0
2638 	0	0
2642 	0	0
2646 	1	0
2650 	1	0
2654 	1	0
2658 	0	0
2662 	0	0
2666 	0	0
2670 	0	0
2674 	1	0
2678 	0	1
2682 	0	0
2686 	0	0
2690 	1	0
2694 	2	0
2698 	0	0
2702 	0	0
2706 	0	0
2710 	0	0
2714 	0	0
2718 	0	0
2722 	0	0
2726 	0	0
2730 	1	0
2734 	0	0
2738 	0	0
2742 	0	0
2746 	0	0
2750 	0	0
2754 	0	0
2758 	0	0
2762 	0	0
2766 	0	0
2770 	1	0
2774 	0	0
2778 	1	0
2782 	0	0
2786 	0	0
2790 	0	0
2794 	0	0
2798 	0	0
2802 	0	0
2806 	0	0
2810 	1	0
2814 	0	0
2818 	0	0
2822 	0	0
2826 	3	0
2830 	0	0
2834 	0	0
2838 	0	0
2842 	0	0
2846 	0	0
2850 	1	0
2854 	0	0
2858 	1	0
2862 	1	0
2866 	1	0
2870 	0	0
2874 	0	0
2878 	0	0
2882 	2	0
2886 	0	0
2890 	0	0
2894 	1	0
2898 	2	0
2902 	2	0
2906 	0	0
2910 	0	0
2914 	1	0
2918 	1	0
2922 	0	0
2926 	0	0
2930 	0	0
2934 	0	0
2938 	1	0
2942 	0	0
2946 	0	0
2950 	1	0
2954 	1	0
2958 	0	0
2962 	1	0
2966 	1	0
2970 	1	0
2974 	0	0
2978 	0	0
2982 	0	0
2986 	2	0
2990 	0	0
2994 	1	0
2998 	0	0
3002 	5	0
3006 	0	0
3010 	0	0
3014 	0	0
3018 	0	0
3022 	1	0
3026 	0	0
3030 	0	0
3034 	0	0
3038 	0	0
3042 	2	0
3046 	1	0
3050 	1	0
3054 	1	0
3058 	0	0
3062 	0	0
3066 	1	0
3070 	1	0
3074 	0	0
3078 	1	0
3082 	1	0
3086 	1	0
3090 	1	0
3094 	0	0
3098 	0	0
3102 	1	0
3106 	1	0
3110 	0	0
3114 	0	0
3118 	1	0
3122 	1	0
3126 	0	0
3130 	0	0
3134 	0	0
3138 	0	0
3142 	0	0
3146 	0	0
3150 	0	0
3154 	0	0
3158 	2	0
3162 	0	0
3166 	1	0
3170 	1	0
3174 	1	0
3178 	1	0
3182 	0	0
3186 	2	0
3190 	1	0
3194 	0	0
3198 	0	0
3202 	1	0
3206 	0	0
3210 	0	0
3214 	2	0
3218 	1	0
3222 	1	0
3226 	0	0
3230 	0	0
3234 	0	0
3238 	1	0
3242 	1	0
3246 	0	0
3250 	0	0
3254 	1	0
3258 	2	0
3262 	0	0
3266 	3	0
3270 	1	0
3274 	0	0
3278 	2	0
3282 	1	0
3286 	2	0
3290 	0	0
3294 	1	0
3298 	1	0
3302 	0	0
3306 	0	0
3310 	0	0
3314 	0	0
3318 	0	0
3322 	3	0
3326 	1	0
3330 	2	0
3334 	0	0
3338 	0	0
3342 	0	0
3346 	0	0
3350 	1	0
3354 	2	0
3358 	1	0
3362 	0	0
3366 	0	0
3370 	0	0
3374 	0	0
3378 	0	0
3382 	1	0
3386 	0	0
3390 	0	0
3394 	0	0
3398 	3	0
3402 	0	0
3406 	0	0
3410 	0	0
3414 	0	0
3418 	0	0
3422 	1	0
3426 	1	0
3430 	0	0
3434 	0	0
3438 	2	0
3442 	0	0
3446 	0	0
3450 	0	0
3454 	0	0
3458 	1	0
3462 	0	0
3466 	2	0
3470 	0	0
3474 	1	0
3478 	0	0
3482 	1	0
3486 	1	0
3490 	1	0
3494 	1	0
3498 	0	0
3502 	2	0
3506 	2	0
3510 	0	0
3514 	2	0
3518 	0	0
3522 	0	0
3526 	0	0
3530 	1	0
3534 	2	0
3538 	0	0
3542 	1	0
3546 	1	0
3550 	1	0
3554 	2	0
3558 	2	0
3562 	1	0
3566 	2	0
3570 	1	0
3574 	0	0
3578 	3	0
3582 	1	0
3586 	3	0
3590 	1	0
3594 	1	0
3598 	1	0
3602 	1	0
3606 	0	0
3610 	1	0
3614 	2	0
3618 	2	0
3622 	2	0
3626 	1	0
3630 	1	0
3634 	2	0
3638 	0	0
3642 	1	0
3646 	4	0
3650 	2	0
3654 	1	0
3658 	2	0
3662 	2	0
3666 	2	0
3670 	1	0
3674 	3	0
3678 	2	0
3682 	1	0
3686 	1	0
3690 	2	0
3694 	3	0
3698 	0	0
3702 	2	0
3706 	1	0
3710 	4	0
3714 	2	0
3718 	0	0
3722 	2	0
3726 	1	0
3730 	1	0
3734 	1	0
3738 	2	0
3742 	2	0
3746 	2	0
3750 	4	0
3754 	2	0
3758 	4	0
3762 	0	0
3766 	4	0
3770 	0	0
3774 	3	0
3778 	0	0
3782 	2	0
3786 	0	0
3790 	1	0
3794 	1	0
3798 	3	0
3802 	1	0
3806 	2	0
3810 	1	0
3814 	3	0
3818 	4	0
3822 	3	0
3826 	3	0
3830 	2	0
3834 	3	0
3838 	6	0
3842 	0	0
3846 	2	0
3850 	4	0
3854 	5	0
3858 	5	0
3862 	5	0
3866 	1	0
3870 	7	0
3874 	5	0
3878 	2	0
3882 	1	0
3886 	4	0
3890 	7	0
3894 	5	0
3898 	2	0
3902 	7	0
3906 	6	0
3910 	3	0
3914 	3	0
3918 	7	0
3922 	3	0
3926 	6	0
3930 	3	0
3934 	5	0
3938 	5	0
3942 	6	0
3946 	6	0
3950 	8	0
3954 	2	0
3958 	0	0
3962 	1	0
3966 	5	0
3970 	5	0
3974 	4	0
3978 	2	0
3982 	4	0
3986 	3	0
3990 	1	0
3994 	1	0
3998 	3	0
4002 	3	0
4006 	2	0
4010 	2	0
4014 	2	0
4018 	2	0
4022 	2	0
4026 	2	0
4030 	4	0
4034 	6	0
4038 	2	0
4042 	2	0
4046 	2	0
4050 	1	0
4054 	1	0
4058 	1	0
4062 	0	0
4066 	0	0
4070 	3	0
4074 	4	0
4078 	2	0
4082 	5	0
4086 	2	0
4090 	4	0
4094 	3	0
4098 	1	0
4102 	1	0
4106 	2	0
4110 	2	0
4114 	3	0
4118 	5	0
4122 	7	0
4126 	3	0
4130 	5	0
4134 	3	0
4138 	4	0
4142 	7	0
4146 	4	0
4150 	6	0
4154 	6	0
4158 	4	0
4162 	7	0
4166 	7	0
4170 	6	0
4174 	7	0
4178 	6	0
4182 	8	0
4186 	10	0
4190 	6	0
4194 	6	0
4198 	8	0
4202 	16	0
4206 	5	0
4210 	3	0
4214 	13	0
4218 	5	0
4222 	4	0
4226 	3	0
4230 	9	0
4234 	9	0
4238 	7	0
4242 	7	0
4246 	7	0
4250 	11	0
4254 	11	0
4258 	5	0
4262 	6	0
4266 	5	0
4270 	12	0
4274 	8	0
4278 	12	0
4282 	5	0
4286 	9	0
4290 	9	0
4294 	12	0
4298 	4	0
4302 	4	0
4306 	4	0
4310 	5	0
4314 	3	0
4318 	7	0
4322 	7	0
4326 	6	0
4330 	6	0
4334 	6	0
4338 	11	0
4342 	4	0
4346 	6	0
4350 	5	0
4354 	4	0
4358 	7	0
4362 	8	0
4366 	10	0
4370 	4	0
4374 	7	0
4378 	9	0
4382 	3	0
4386 	1	0
4390 	4	0
4394 	6	0
4398 	6	0
4402 	6	0
4406 	4	0
4410 	5	0
4414 	3	0
4418 	9	0
4422 	4	0
4426 	3	0
4430 	8	0
4434 	6	0
4438 	14	0
4442 	9	0
4446 	5	0
4450 	5	0
4454 	9	0
4458 	3	0
4462 	9	0
4466 	6	0
4470 	11	0
4474 	11	0
4478 	16	0
4482 	4	0
4486 	10	0
4490 	6	0
4494 	13	0
4498 	14	0
4502 	17	0
4506 	13	0
4510 	10	0
4514 	12	0
4518 	12	0
4522 	12	0
4526 	15	0
4530 	13	0
4534 	24	0
4538 	18	0
4542 	21	0
4546 	10	0
4550 	15	0
4554 	19	0
4558 	16	0
4562 	7	0
4566 	20	0
4570 	19	0
4574 	10	0
4578 	13	0
4582 	9	0
4586 	19	0
4590 	19	0
4594 	16	0
4598 	18	0
4602 	18	0
4606 	10	0
4610 	13	0
4614 	17	0
4618 	15	0
4622 	16	0
4626 	10	0
4630 	9	0
4634 	17	0
4638 	8	0
4642 	16	0
4646 	11	0
4650 	7	0
4654 	9	0
4658 	9	0
4662 	10	0
4666 	6	0
4670 	13	0
4674 	11	0
4678 	12	0
4682 	9	0
4686 	10	0
4690 	7	0
4694 	12	0
4698 	11	0
4702 	14	0
4706 	12	0
4710 	17	0
4714 	16	0
4718 	20	0
4722 	8	0
4726 	9	0
4730 	10	0
4734 	17	0
4738 	16	0
4742 	12	0
4746 	9	0
4750 	14	0
4754 	11	0
4758 	13	0
4762 	17	0
4766 	12	0
4770 	7	0
4774 	12	0
4778 	13	0
4782 	20	0
4786 	24	0
4790 	26	0
4794 	14	0
4798 	22	0
4802 	20	0
4806 	22	0
4810 	18	0
4814 	15	0
4818 	22	0
4822 	17	0
4826 	27	0
4830 	23	0
4834 	20	0
4838 	24	0
4842 	29	0
4846 	23	0
4850 	27	0
4854 	22	0
4858 	16	0
4862 	25	0
4866 	31	0
4870 	14	0
4874 	30	0
4878 	25	0
4882 	32	0
4886 	28	0
4890 	23	0
4894 	34	0
4898 	18	0
4902 	36	0
4906 	34	0
4910 	18	0
4914 	29	0
4918 	22	0
4922 	28	0
4926 	28	0
4930 	24	0
4934 	24	0
4938 	20	0
4942 	22	0
4946 	17	0
4950 	32	0
4954 	18	0
4958 	17	0
4962 	16	0
4966 	22	0
4970 	23	0
4974 	15	0
4978 	25	0
4982 	12	0
4986 	23	0
4990 	16	0
4994 	13	0
4998 	21	0
5002 	14	0
5006 	18	0
5010 	25	0
5014 	20	0
5018 	15	0
5022 	29	0
5026 	18	0
5030 	26	0
5034 	22	0
5038 	27	0
5042 	21	0
5046 	20	0
5050 	26	0
5054 	24	0
5058 	23	0
5062 	31	0
5066 	27	0
5070 	22	0
5074 	21	0
5078 	23	0
5082 	26	0
5086 	24	0
5090 	46	0
5094 	30	0
5098 	38	0
5102 	35	0
5106 	37	0
5110 	29	0
5114 	38	0
5118 	38	0
5122 	43	0
5126 	45	0
5130 	40	0
5134 	42	0
5138 	33	0
5142 	37	0
5146 	38	0
5150 	46	0
5154 	40	0
5158 	39	0
5162 	42	0
5166 	39	0
5170 	33	0
5174 	53	0
5178 	42	0
5182 	47	0
5186 	39	0
5190 	42	0
5194 	47	0
5198 	45	0
5202 	43	0
5206 	35	0
5210 	53	0
5214 	46	0
5218 	42	0
5222 	52	0
5226 	52	0
5230 	47	0
5234 	51	0
5238 	45	0
5242 	44	0
5246 	45	0
5250 	38	0
5254 	56	0
5258 	41	0
5262 	35	0
5266 	41	0
5270 	30	0
5274 	35	0
5278 	30	0
5282 	39	0
5286 	31	0
5290 	34	0
5294 	41	0
5298 	37	0
5302 	37	0
5306 	25	0
5310 	39	0
5314 	46	0
5318 	31	0
5322 	39	0
5326 	39	0
5330 	31	0
5334 	29	0
5338 	31	0
5342 	39	0
5346 	33	0
5350 	32	0
5354 	48	0
5358 	35	0
5362 	42	0
5366 	37	0
5370 	41	0
5374 	57	0
5378 	45	0
5382 	58	0
5386 	40	0
5390 	44	0
5394 	34	0
5398 	51	0
5402 	37	0
5406 	41	0
5410 	40	0
5414 	47	0
5418 	54	0
5422 	58	0
5426 	47	0
5430 	59	0
5434 	72	0
5438 	64	0
5442 	67	0
5446 	74	0
5450 	57	0
5454 	63	0
5458 	61	0
5462 	59	0
5466 	63	0
5470 	67	0
5474 	75	0
5478 	65	0
5482 	96	0
5486 	89	0
5490 	78	0
5494 	75	0
5498 	80	0
5502 	102	0
5506 	71	0
5510 	79	0
5514 	69	0
5518 	78	0
5522 	58	0
5526 	76	0
5530 	78	0
5534 	78	0
5538 	56	0
5542 	55	0
5546 	68	0
5550 	67	0
5554 	73	0
5558 	72	0
5562 	59	0
5566 	67	0
5570 	60	0
5574 	56	0
5578 	63	0
5582 	56	0
5586 	73	0
5590 	57	0
5594 	61	0
5598 	78	0
5602 	72	0
5606 	80	0
5610 	68	0
5614 	57	0
5618 	62	0
5622 	59	0
5626 	58	0
5630 	67	0
5634 	49	0
5638 	64	0
5642 	63	0
5646 	60	0
5650 	70	0
5654 	71	0
5658 	60	0
5662 	61	0
5666 	48	0
5670 	69	0
5674 	45	0
5678 	81	0
5682 	78	0
5686 	64	0
5690 	65	0
5694 	67	0
5698 	71	0
5702 	77	0
5706 	71	0
5710 	74	0
5714 	77	0
5718 	91	0
5722 	72	0
5726 	70	0
5730 	80	0
5734 	82	0
5738 	92	0
5742 	96	0
5746 	99	0
5750 	87	0
5754 	80	0
5758 	97	0
5762 	94	0
5766 	105	0
5770 	109	0
5774 	99	0
5778 	112	0
5782 	110	0
5786 	95	0
5790 	101	0
5794 	95	0
5798 	82	0
5802 	115	0
5806 	122	0
5810 	114	0
5814 	117	0
5818 	118	0
5822 	118	0
5826 	107	0
5830 	103	0
5834 	107	0
5838 	102	0
5842 	119	0
5846 	122	0
5850 	111	0
5854 	95	0
5858 	114	0
5862 	118	0
5866 	122	0
5870 	113	0
5874 	112	0
5878 	120	0
5882 	119	0
5886 	102	0
5890 	105	0
5894 	87	0
5898 	99	0
5902 	102	0
5906 	94	0
5910 	97	0
5914 	96	0
5918 	120	0
5922 	98	0
5926 	106	0
5930 	105	0
5934 	89	0
5938 	116	0
5942 	101	0
5946 	89	0
5950 	100	0
5954 	98	0
5958 	104	0
5962 	89	0
5966 	104	0
5970 	94	0
5974 	113	0
5978 	100	0
5982 	99	0
5986 	93	0
5990 	90	0
5994 	99	0
5998 	111	0
6002 	106	0
6006 	101	0
6010 	116	0
6014 	115	0
6018 	112	0
6022 	114	0
6026 	121	0
6030 	122	0
6034 	132	0
6038 	107	0
6042 	118	0
6046 	133	0
6050 	130	0
6054 	158	0
6058 	167	0
6062 	130	0
6066 	154	0
6070 	150	0
6074 	131	0
6078 	169	0
6082 	166	0
6086 	132	0
6090 	167	0
6094 	165	0
6098 	142	0
6102 	153	0
6106 	188	0
6110 	169	0
6114 	170	0
6118 	147	0
6122 	145	0
6126 	144	0
6130 	175	0
6134 	169	0
6138 	194	0
6142 	190	0
6146 	174	0
6150 	182	0
6154 	163	0
6158 	163	0
6162 	145	0
6166 	172	0
6170 	153	0
6174 	181	0
6178 	148	0
6182 	191	0
6186 	164	0
6190 	207	0
6194 	145	0
6198 	163	0
6202 	173	0
6206 	166	0
6210 	148	0
6214 	146	0
6218 	154	0
6222 	144	0
6226 	146	0
6230 	140	0
6234 	158	0
6238 	171	0
6242 	150	0
6246 	161	0
6250 	129	0
6254 	126	0
6258 	145	0
6262 	171	0
6266 	145	0
6270 	175	0
6274 	185	0
6278 	142	0
6282 	165	0
6286 	137	0
6290 	135	0
6294 	158	0
6298 	181	0
6302 	136	0
6306 	149	0
6310 	167	0
6314 	157	0
6318 	145	0
6322 	162	0
6326 	178	0
6330 	183	0
6334 	185	0
6338 	167	0
6342 	181	0
6346 	200	0
6350 	185	0
6354 	189	0
6358 	210	0
6362 	200	0
6366 	201	0
6370 	213	0
6374 	220	0
6378 	225	0
6382 	187	0
6386 	203	0
6390 	229	0
6394 	222	0
6398 	229	0
6402 	224	0
6406 	226	0
6410 	251	0
6414 	250	0
6418 	220	0
6422 	217	0
6426 	270	0
6430 	214	0
6434 	238	0
6438 	245	0
6442 	271	0
6446 	246	0
6450 	260	0
6454 	231	0
6458 	250	0
6462 	231	0
6466 	236	0
6470 	215	0
6474 	229	0
6478 	260	0
6482 	239	0
6486 	252	0
6490 	215	0
6494 	211	0
6498 	253	0
6502 	217	0
6506 	214	0
6510 	226	0
6514 	244	0
6518 	203	0
6522 	217	0
6526 	224	0
6530 	192	0
6534 	214	0
6538 	214	0
6542 	237	0
6546 	217	0
6550 	213	0
6554 	214	0
6558 	214	0
6562 	211	0
6566 	207	0
6570 	196	0
6574 	208	0
6578 	256	0
6582 	236	0
6586 	210	0
6590 	201	0
6594 	214	0
6598 	223	0
6602 	227	0
6606 	189	0
6610 	257	0
6614 	208	0
6618 	227	0
6622 	224	0
6626 	264	0
6630 	251	0
6634 	245	0
6638 	234	0
6642 	247	0
6646 	235	0
6650 	249	0
6654 	261	0
6658 	267	0
6662 	271	0
6666 	281	0
6670 	298	0
6674 	267	0
6678 	295	0
6682 	284	0
6686 	307	0
6690 	292	0
6694 	297	0
6698 	257	0
6702 	259	0
6706 	298	0
6710 	305	0
6714 	310	0
6718 	334	0
6722 	365	0
6726 	303	0
6730 	313	0
6734 	285	0
6738 	313	0
6742 	295	0
6746 	309	0
6750 	320	0
6754 	335	0
6758 	317	0
6762 	334	0
6766 	286	0
6770 	325	0
6774 	311	0
6778 	346	0
6782 	306	0
6786 	324	0
6790 	297	0
6794 	344	0
6798 	309	0
6802 	299	0
6806 	294	0
6810 	303	0
6814 	328	0
6818 	311	0
6822 	308	0
6826 	291	0
6830 	311	0
6834 	333	0
6838 	307	0
6842 	321	0
6846 	285	0
6850 	304	0
6854 	274	0
6858 	290	0
6862 	297	0
6866 	296	0
6870 	280	0
6874 	296	0
6878 	295	0
6882 	287	0
6886 	308	0
6890 	288	0
6894 	294	0
6898 	292	0
6902 	323	0
6906 	330	0
6910 	350	0
6914 	324	0
6918 	314	0
6922 	292	0
6926 	310	0
6930 	308	0
6934 	369	0
6938 	341	0
6942 	343	0
6946 	342	0
6950 	351	0
6954 	330	0
6958 	363	0
6962 	377	0
6966 	388	0
6970 	358	0
6974 	395	0
6978 	331	0
6982 	345	0
6986 	387	0
6990 	388	0
6994 	399	0
6998 	376	0
7002 	392	0
7006 	418	0
7010 	438	0
7014 	401	0
7018 	421	0
7022 	417	0
7026 	416	0
7030 	395	0
7034 	424	0
7038 	406	0
7042 	413	0
7046 	409	0
7050 	420	0
7054 	402	0
7058 	373	0
7062 	411	0
7066 	441	0
7070 	434	0
7074 	447	0
7078 	413	0
7082 	414	0
7086 	434	0
7090 	412	0
7094 	430	0
7098 	390	0
7102 	370	0
7106 	372	0
7110 	403	0
7114 	422	0
7118 	396	0
7122 	383	0
7126 	442	0
7130 	427	0
7134 	380	0
7138 	379	0
7142 	424	0
7146 	388	0
7150 	369	0
7154 	413	0
7158 	427	0
7162 	396	0
7166 	417	0
7170 	384	0
7174 	395	0
7178 	337	0
7182 	383	0
7186 	376	0
7190 	377	0
7194 	391	0
7198 	383	0
7202 	386	0
7206 	414	0
7210 	374	0
7214 	433	0
7218 	450	0
7222 	403	0
7226 	408	0
7230 	385	0
7234 	412	0
7238 	429	0
7242 	443	0
7246 	443	0
7250 	449	0
7254 	475	0
7258 	451	0
7262 	424	0
7266 	441	0
7270 	489	0
7274 	480	0
7278 	486	0
7282 	488	0
7286 	529	0
7290 	494	0
7294 	466	0
7298 	499	0
7302 	521	0
7306 	519	0
7310 	487	0
7314 	540	0
7318 	454	0
7322 	561	0
7326 	492	0
7330 	488	0
7334 	516	0
7338 	529	0
7342 	511	0
7346 	502	0
7350 	506	0
7354 	491	0
7358 	518	0
7362 	492	0
7366 	500	0
7370 	504	0
7374 	533	0
7378 	506	0
7382 	500	0
7386 	490	0
7390 	508	0
7394 	513	0
7398 	489	0
7402 	471	0
7406 	512	0
7410 	518	0
7414 	449	0
7418 	489	0
7422 	495	0
7426 	515	0
7430 	497	0
7434 	474	0
7438 	491	0
7442 	509	0
7446 	498	0
7450 	425	0
7454 	516	0
7458 	500	0
7462 	461	0
7466 	506	0
7470 	469	0
7474 	475	0
7478 	440	0
7482 	503	0
7486 	493	0
7490 	531	0
7494 	504	0
7498 	531	0
7502 	461	0
7506 	470	0
7510 	512	0
7514 	471	0
7518 	506	0
7522 	529	0
7526 	546	0
7530 	528	0
7534 	480	0
7538 	523	0
7542 	562	0
7546 	544	0
7550 	514	0
7554 	514	0
7558 	601	0
7562 	565	0
7566 	580	0
7570 	586	0
7574 	565	0
7578 	578	0
7582 	596	0
7586 	566	0
7590 	624	0
7594 	627	0
7598 	578	0
7602 	561	0
7606 	559	0
7610 	639	0
7614 	570	0
7618 	595	0
7622 	576	0
7626 	616	0
7630 	640	0
7634 	630	0
7638 	610	0
7642 	595	0
7646 	612	0
7650 	622	0
7654 	640	0
7658 	615	0
7662 	603	0
7666 	598	0
7670 	596	0
7674 	628	0
7678 	600	0
7682 	581	0
7686 	612	0
7690 	567	0
7694 	600	0
7698 	551	0
7702 	569	0
7706 	580	0
7710 	574	0
7714 	639	0
7718 	597	0
7722 	622	0
7726 	559	0
7730 	605	0
7734 	612	0
7738 	555	0
7742 	588	0
7746 	595	0
7750 	556	0
7754 	591	0
7758 	606	0
7762 	605	0
7766 	580	0
7770 	599	0
7774 	552	0
7778 	581	0
7782 	594	0
7786 	602	0
7790 	595	0
7794 	623	0
7798 	636	0
7802 	587	0
7806 	649	0
7810 	605	0
7814 	634	0
7818 	637	0
7822 	571	0
7826 	670	0
7830 	628	0
7834 	663	0
7838 	592	0
7842 	642	0
7846 	663	0
7850 	645	0
7854 	589	0
7858 	676	0
7862 	683	0
7866 	639	0
7870 	708	0
7874 	691	0
7878 	701	0
7882 	642	0
7886 	712	0
7890 	685	0
7894 	688	0
7898 	692	0
7902 	704	0
7906 	704	0
7910 	719	0
7914 	730	0
7918 	718	0
7922 	687	0
7926 	690	0
7930 	699	0
7934 	750	0
7938 	713	0
7942 	704	0
7946 	726	0
7950 	719	0
7954 	716	0
7958 	698	0
7962 	707	0
7966 	715	0
7970 	717	0
7974 	675	0
7978 	707	0
7982 	696	0
7986 	688	0
7990 	702	0
7994 	690	0
7998 	683	0
8002 	712	0
8006 	737	0
8010 	660	0
8014 	686	0
8018 	681	0
8022 	675	0
8026 	670	0
8030 	701	0
8034 	711	0
8038 	656	0
8042 	672	0
8046 	681	0
8050 	685	0
8054 	655	0
8058 	676	0
8062 	683	0
8066 	682	0
8070 	685	0
8074 	662	0
8078 	724	0
8082 	719	0
8086 	676	0
8090 	695	0
8094 	729	0
8098 	691	0
8102 	713	0
8106 	722	0
8110 	660	0
8114 	700	0
8118 	759	0
8122 	737	0
8126 	703	0
8130 	782	0
8134 	743	0
8138 	768	0
8142 	752	0
8146 	744	0
8150 	748	0
8154 	738	0
8158 	736	0
8162 	789	0
8166 	712	0
8170 	797	0
8174 	756	0
8178 	755	0
8182 	749	0
8186 	725	0
8190 	740	0
8194 	821	0
8198 	749	0
8202 	805	0
8206 	797	0
8210 	825	0
8214 	767	0
8218 	776	0
8222 	785	0
8226 	784	0
8230 	800	0
8234 	753	0
8238 	731	0
8242 	750	0
8246 	778	0
8250 	791	0
8254 	791	0
8258 	741	0
8262 	784	0
8266 	829	0
8270 	797	0
8274 	747	0
8278 	744	0
8282 	811	0
8286 	817	0
8290 	784	0
8294 	737	0
8298 	770	0
8302 	761	0
8306 	753	0
8310 	738	0
8314 	745	0
8318 	756	0
8322 	797	0
8326 	767	0
8330 	739	0
8334 	795	0
8338 	824	0
8342 	768	0
8346 	753	0
8350 	794	0
8354 	718	0
8358 	764	0
8362 	786	0
8366 	721	0
8370 	749	0
8374 	812	0
8378 	721	0
8382 	812	0
8386 	781	0
8390 	767	0
8394 	758	0
8398 	754	0
8402 	883	0
8406 	741	0
8410 	819	0
8414 	803	0
8418 	805	0
8422 	762	0
8426 	794	0
8430 	785	0
8434 	834	0
8438 	814	0
8442 	831	0
8446 	809	0
8450 	766	0
8454 	819	0
8458 	803	0
8462 	817	0
8466 	854	0
8470 	836	0
8474 	833	0
8478 	857	0
8482 	818	0
8486 	829	0
8490 	867	0
8494 	848	0
8498 	863	0
8502 	891	0
8506 	838	0
8510 	869	0
8514 	853	0
8518 	858	0
8522 	813	0
8526 	846	0
8530 	823	0
8534 	831	0
8538 	870	0
8542 	873	0
8546 	755	0
8550 	888	0
8554 	810	0
8558 	820	0
8562 	909	0
8566 	850	0
8570 	814	0
8574 	838	0
8578 	785	0
8582 	869	0
8586 	827	0
8590 	761	0
8594 	813	0
8598 	833	0
8602 	811	0
8606 	791	0
8610 	827	0
8614 	796	0
8618 	825	0
8622 	793	0
8626 	815	0
8630 	848	0
8634 	856	0
8638 	834	0
8642 	789	0
8646 	782	0
8650 	834	0
8654 	805	0
8658 	823	0
8662 	887	0
8666 	838	0
8670 	849	0
8674 	856	0
8678 	847	0
8682 	802	0
8686 	817	0
8690 	783	0
8694 	813	0
8698 	824	0
8702 	846	0
8706 	837	0
8710 	900	0
8714 	896	0
8718 	906	0
8722 	882	0
8726 	848	0
8730 	871	0
8734 	811	0
8738 	858	0
8742 	839	0
8746 	850	0
8750 	900	0
8754 	879	0
8758 	813	0
8762 	894	0
8766 	866	0
8770 	831	0
8774 	868	0
8778 	838	0
8782 	866	0
8786 	851	0
8790 	914	0
8794 	869	0
8798 	888	0
8802 	910	0
8806 	907	0
8810 	880	0
8814 	857	0
8818 	846	0
8822 	891	0
8826 	918	0
8830 	852	0
8834 	868	0
8838 	843	0
8842 	856	0
8846 	886	0
8850 	848	0
8854 	854	0
8858 	844	0
8862 	908	0
8866 	881	0
8870 	806	0
8874 	796	0
8878 	876	0
8882 	797	0
8886 	842	0
8890 	860	0
8894 	813	0
8898 	848	0
8902 	854	0
8906 	906	0
8910 	830	0
8914 	843	0
8918 	829	0
8922 	887	0
8926 	840	0
8930 	884	0
8934 	865	0
8938 	864	0
8942 	809	0
8946 	867	0
8950 	827	0
8954 	829	0
8958 	894	0
8962 	858	0
8966 	800	0
8970 	836	0
8974 	880	0
8978 	848	0
8982 	916	0
8986 	911	0
8990 	810	0
8994 	862	0
8998 	895	0
9002 	800	0
9006 	894	0
9010 	864	0
9014 	849	0
9018 	865	0
9022 	854	0
9026 	901	0
9030 	872	0
9034 	854	0
9038 	889	0
9042 	895	0
9046 	874	0
9050 	875	0
9054 	878	0
9058 	886	0
9062 	825	0
9066 	914	0
9070 	868	0
9074 	865	0
9078 	859	0
9082 	867	0
9086 	823	0
9090 	885	0
9094 	887	0
9098 	850	0
9102 	884	0
9106 	925	0
9110 	817	0
9114 	878	0
9118 	832	0
9122 	885	0
9126 	886	0
9130 	841	0
9134 	816	0
9138 	865	0
9142 	795	0
9146 	838	0
9150 	864	0
9154 	864	0
9158 	853	0
9162 	899	0
9166 	814	0
9170 	865	0
9174 	887	0
9178 	842	0
9182 	873	0
9186 	818	0
9190 	818	0
9194 	861	0
9198 	817	0
9202 	871	0
9206 	912	0
9210 	832	0
9214 	787	0
9218 	849	0
9222 	840	0
9226 	820	0
9230 	900	0
9234 	822	0
9238 	873	0
9242 	834	0
9246 	849	0
9250 	840	0
9254 	827	0
9258 	888	0
9262 	796	0
9266 	856	0
9270 	835	0
9274 	815	0
9278 	761	0
9282 	882	0
9286 	803	0
9290 	852	0
9294 	804	0
9298 	868	0
9302 	866	0
9306 	825	0
9310 	894	0
9314 	855	0
9318 	856	0
9322 	811	0
9326 	881	0
9330 	898	0
9334 	886	0
9338 	878	0
9342 	781	0
9346 	875	0
9350 	883	0
9354 	871	0
9358 	789	0
9362 	805	0
9366 	815	0
9370 	806	0
9374 	883	0
9378 	883	0
9382 	828	0
9386 	865	0
9390 	877	0
9394 	841	0
9398 	828	0
9402 	872	0
9406 	826	0
9410 	841	0
9414 	871	0
9418 	817	0
9422 	796	0
9426 	813	0
9430 	824	0
9434 	812	0
9438 	830	0
9442 	807	0
9446 	828	0
9450 	821	0
9454 	844	0
9458 	840	0
9462 	812	0
9466 	824	0
9470 	794	0
9474 	866	0
9478 	849	0
9482 	821	0
9486 	799	0
9490 	838	0
9494 	784	0
9498 	812	0
9502 	862	0
9506 	826	0
9510 	775	0
9514 	793	0
9518 	777	0
9522 	822	0
9526 	829	0
9530 	854	0
9534 	818	0
9538 	852	0
9542 	781	0
9546 	828	0
9550 	827	0
9554 	801	0
9558 	795	0
9562 	862	0
9566 	790	0
9570 	812	0
9574 	766	0
9578 	812	0
9582 	815	0
9586 	866	0
9590 	809	0
9594 	813	0
9598 	795	0
9602 	790	0
9606 	781	0
9610 	823	0
9614 	792	0
9618 	802	0
9622 	799	0
9626 	766	0
9630 	791	0
9634 	770	0
9638 	803	0
9642 	765	0
9646 	807	0
9650 	764	0
9654 	776	0
9658 	761	0
9662 	860	0
9666 	789	0
9670 	813	0
9674 	778	0
9678 	769	0
9682 	764	0
9686 	816	0
9690 	766	0
9694 	767	0
9698 	813	0
9702 	806	0
9706 	730	0
9710 	750	0
9714 	803	0
9718 	730	0
9722 	783	0
9726 	789	0
9730 	811	0
9734 	751	0
9738 	814	0
9742 	753	0
9746 	760	0
9750 	793	0
9754 	737	0
9758 	796	0
9762 	768	0
9766 	749	0
9770 	721	0
9774 	781	0
9778 	745	0
9782 	726	0
9786 	738	0
9790 	770	0
9794 	710	0
9798 	728	0
9802 	777	0
9806 	769	0
9810 	762	0
9814 	799	0
9818 	723	0
9822 	763	0
9826 	734	0
9830 	780	0
9834 	763	0
9838 	780	0
9842 	739	0
9846 	740	0
9850 	734	0
9854 	698	0
9858 	734	0
9862 	711	0
9866 	732	0
9870 	785	0
9874 	715	0
9878 	748	0
9882 	774	0
9886 	727	0
9890 	771	0
9894 	738	0
9898 	745	0
9902 	706	0
9906 	737	0
9910 	737	0
9914 	747	0
9918 	758	0
9922 	693	0
9926 	753	0
9930 	784	0
9934 	703	0
9938 	717	0
9942 	698	0
9946 	697	0
9950 	707	0
9954 	736	0
9958 	746	0
9962 	734	0
9966 	698	0
9970 	686	0
9974 	708	0
9978 	722	0
9982 	714	0
9986 	697	0
9990 	698	0
9994 	690	0
9998 	721	0
10002 	697	0
10006 	696	0
10010 	665	0
10014 	671	0
10018 	657	0
10022 	750	0
10026 	728	0
10030 	695	0
10034 	687	0
10038 	660	0
10042 	674	0
10046 	656	0
10050 	746	0
10054 	692	0
10058 	714	0
10062 	656	0
10066 	663	0
10070 	688	0
10074 	682	0
10078 	641	0
10082 	693	0
10086 	685	0
10090 	635	0
10094 	694	0
10098 	624	0
10102 	684	0
10106 	643	0
10110 	654	0
10114 	696	0
10118 	675	0
10122 	648	0
10126 	727	0
10130 	653	0
10134 	678	0
10138 	642	0
10142 	665	0
10146 	679	0
10150 	670	0
10154 	685	0
10158 	626	0
10162 	609	0
10166 	660	0
10170 	647	0
10174 	633	0
10178 	649	0
10182 	634	0
10186 	655	0
10190 	634	0
10194 	646	0
10198 	633	0
10202 	641	0
10206 	616	0
10210 	609	0
10214 	585	0
10218 	670	0
10222 	675	0
10226 	649	0
10230 	627	0
10234 	635	0
10238 	644	0
10242 	669	0
10246 	657	0
10250 	575	0
10254 	616	0
10258 	649	0
10262 	619	0
10266 	573	0
10270 	621	0
10274 	617	0
10278 	622	0
10282 	618	0
10286 	591	0
10290 	626	0
10294 	610	0
10298 	604	0
10302 	615	0
10306 	569	0
10310 	629	0
10314 	635	0
10318 	634	0
10322 	634	0
10326 	613	0
10330 	586	0
10334 	578	0
10338 	601	0
10342 	613	0
10346 	623	0
10350 	609	0
10354 	608	0
10358 	655	0
10362 	589	0
10366 	597	0
10370 	587	0
10374 	570	0
10378 	581	0
10382 	616	0
10386 	634	0
10390 	533	0
10394 	604	0
10398 	570	0
10402 	628	0
10406 	590	0
10410 	612	0
10414 	645	0
10418 	607	0
10422 	517	0
10426 	580	0
10430 	560	0
10434 	515	0
10438 	535	0
10442 	593	0
10446 	547	0
10450 	534	0
10454 	570	0
10458 	556	0
10462 	523	0
10466 	560	0
10470 	529	0
10474 	526	0
10478 	541	0
10482 	535	0
10486 	550	0
10490 	541	0
10494 	589	0
10498 	514	0
10502 	517	0
10506 	548	0
10510 	519	0
10514 	546	0
10518 	557	0
10522 	547	0
10526 	574	0
10530 	553	0
10534 	518	0
10538 	537	0
10542 	552	0
10546 	537	0
10550 	544	0
10554 	547	0
10558 	497	0
10562 	516	0
10566 	531	0
10570 	556	0
10574 	512	0
10578 	480	0
10582 	518	0
10586 	505	0
10590 	506	0
10594 	491	0
10598 	511	0
10602 	531	0
10606 	526	0
10610 	477	0
10614 	503	0
10618 	496	0
10622 	495	0
10626 	490	0
10630 	496	0
10634 	491	0
10638 	510	0
10642 	516	0
10646 	529	0
10650 	498	0
10654 	481	0
10658 	440	0
10662 	532	0
10666 	466	0
10670 	533	0
10674 	514	0
10678 	484	0
10682 	519	0
10686 	487	0
10690 	499	0
10694 	494	0
10698 	484	0
10702 	505	0
10706 	497	0
10710 	464	0
10714 	465	0
10718 	469	0
10722 	462	0
10726 	449	0
10730 	431	0
10734 	514	0
10738 	465	0
10742 	508	0
10746 	483	0
10750 	441	0
10754 	407	0
10758 	439	0
10762 	485	0
10766 	466	0
10770 	479	0
10774 	440	0
10778 	448	0
10782 	475	0
10786 	444	0
10790 	465	0
10794 	465	0
10798 	453	0
10802 	461	0
10806 	443	0
10810 	441	0
10814 	483	0
10818 	451	0
10822 	444	0
10826 	493	0
10830 	436	0
10834 	424	0
10838 	434	0
10842 	438	0
10846 	426	0
10850 	407	0
10854 	407	0
10858 	411	0
10862 	414	0
10866 	439	0
10870 	428	0
10874 	410	0
10878 	411	0
10882 	450	0
10886 	397	0
10890 	426	0
10894 	426	0
10898 	421	0
10902 	418	0
10906 	417	0
10910 	430	0
10914 	417	0
10918 	432	0
10922 	457	0
10926 	450	0
10930 	381	0
10934 	428	0
10938 	416	0
10942 	396	0
10946 	383	0
10950 	403	0
10954 	390	0
10958 	409	0
10962 	423	0
10966 	396	0
10970 	427	0
10974 	403	0
10978 	370	0
10982 	362	0
10986 	393	0
10990 	398	0
10994 	372	0
10998 	388	0
11002 	373	0
11006 	401	0
11010 	379	0
11014 	397	0
11018 	388	0
11022 	393	0
11026 	371	0
11030 	385	0
11034 	386	0
11038 	377	0
11042 	334	0
11046 	338	0
11050 	363	0
11054 	369	0
11058 	347	0
11062 	381	0
11066 	364	0
11070 	332	0
11074 	365	0
11078 	379	0
11082 	373	0
11086 	357	0
11090 	358	0
11094 	361	0
11098 	356	0
11102 	380	0
11106 	353	0
11110 	347	0
11114 	362	0
11118 	337	0
11122 	332	0
11126 	361	0
11130 	328	0
11134 	353	0
11138 	355	0
11142 	324	0
11146 	335	0
11150 	356	0
11154 	321	0
11158 	344	0
11162 	347	0
11166 	330	0
11170 	305	0
11174 	308	0
11178 	311	0
11182 	323	0
11186 	319	0
11190 	335	0
11194 	327	0
11198 	327	0
11202 	288	0
11206 	316	0
11210 	339	0
11214 	307	0
11218 	333	0
11222 	335	0
11226 	351	0
11230 	307	0
11234 	302	0
11238 	294	0
11242 	320	0
11246 	321	0
11250 	308	0
11254 	330	0
11258 	304	0
11262 	297	0
11266 	297	0
11270 	297	0
11274 	266	0
11278 	313	0
11282 	311	0
11286 	291	0
11290 	264	0
11294 	295	0
11298 	295	0
11302 	309	0
11306 	288	0
11310 	313	0
11314 	322	0
11318 	294	0
11322 	297	0
11326 	286	0
11330 	310	0
11334 	268	0
11338 	276	0
11342 	283	0
11346 	302	0
11350 	276	0
11354 	264	0
11358 	275	0
11362 	259	0
11366 	265	0
11370 	299	0
11374 	268	0
11378 	281	0
11382 	272	0
11386 	283	0
11390 	282	0
11394 	300	0
11398 	260	0
11402 	283	0
11406 	285	0
11410 	264	0
11414 	234	0
11418 	247	0
11422 	292	0
11426 	252	0
11430 	277	0
11434 	266	0
11438 	253	0
11442 	280	0
11446 	255	0
11450 	245	0
11454 	259	0
11458 	245	0
11462 	233	0
11466 	278	0
11470 	254	0
11474 	240	0
11478 	246	0
11482 	245	0
11486 	236	0
11490 	225	0
11494 	264	0
11498 	215	0
11502 	218	0
11506 	238	0
11510 	248	0
11514 	254	0
11518 	261	0
11522 	231	0
11526 	246	0
11530 	264	0
11534 	217	0
11538 	213	0
11542 	234	0
11546 	219	0
11550 	243	0
11554 	233	0
11558 	224	0
11562 	252	0
11566 	219	0
11570 	229	0
11574 	223	0
11578 	211	0
11582 	246	0
11586 	234	0
11590 	234	0
11594 	219	0
11598 	221	0
11602 	233	0
11606 	242	0
11610 	224	0
11614 	219	0
11618 	235	0
11622 	223	0
11626 	224	0
11630 	203	0
11634 	211	0
11638 	223	0
11642 	205	0
11646 	216	0
11650 	212	0
11654 	195	0
11658 	224	0
11662 	198	0
11666 	190	0
11670 	209	0
11674 	193	0
11678 	209	0
11682 	195	0
11686 	191	0
11690 	207	0
11694 	202	0
11698 	188	0
11702 	210	0
11706 	189	0
11710 	189	0
11714 	202	0
11718 	180	0
11722 	203	0
11726 	180	0
11730 	238	0
11734 	183	0
11738 	205	0
11742 	179	0
11746 	188	0
11750 	197	0
11754 	184	0
11758 	199	0
11762 	196	0
11766 	196	0
11770 	194	0
11774 	153	0
11778 	184	0
11782 	188	0
11786 	179	0
11790 	181	0
11794 	167	0
11798 	151	0
11802 	182	0
11806 	180	0
11810 	158	0
11814 	158	0
11818 	151	0
11822 	154	0
11826 	162	0
11830 	181	0
11834 	176	0
11838 	144	0
11842 	162	0
11846 	169	0
11850 	176	0
11854 	187	0
11858 	168	0
11862 	148	0
11866 	181	0
11870 	206	0
11874 	186	0
11878 	137	0
11882 	170	0
11886 	181	0
11890 	180	0
11894 	174	0
11898 	185	0
11902 	159	0
11906 	176	0
11910 	180	0
11914 	190	0
11918 	171	0
11922 	157	0
11926 	151	0
11930 	168	0
11934 	153	0
11938 	148	0
11942 	166	0
11946 	149	0
11950 	156	0
11954 	153	0
11958 	150	0
11962 	158	0
11966 	138	0
11970 	147	0
11974 	147	0
11978 	159	0
11982 	145	0
11986 	147	0
11990 	147	0
11994 	154	0
11998 	137	0
12002 	148	0
12006 	139	0
12010 	125	0
12014 	144	0
12018 	139	0
12022 	140	0
12026 	138	0
12030 	125	0
12034 	129	0
12038 	146	0
12042 	138	0
12046 	145	0
12050 	120	0
12054 	135	0
12058 	110	0
12062 	111	0
12066 	126	0
12070 	111	0
12074 	121	0
12078 	136	0
12082 	142	0
12086 	110	0
12090 	110	0
12094 	136	0
12098 	143	0
12102 	125	0
12106 	121	0
12110 	138	0
12114 	122	0
12118 	122	0
12122 	115	0
12126 	124	0
12130 	109	0
12134 	123	0
12138 	138	0
12142 	130	0
12146 	97	0
12150 	117	0
12154 	128	0
12158 	122	0
12162 	114	0
12166 	124	0
12170 	123	0
12174 	136	0
12178 	120	0
12182 	114	0
12186 	129	0
12190 	106	0
12194 	103	0
12198 	101	0
12202 	108	0
12206 	104	0
12210 	112	0
12214 	112	0
12218 	104	0
12222 	100	0
12226 	107	0
12230 	106	0
12234 	102	0
12238 	110	0
12242 	114	0
12246 	110	0
12250 	101	0
12254 	105	0
12258 	111	0
12262 	113	0
12266 	119	0
12270 	98	0
12274 	102	0
12278 	118	0
12282 	72	0
12286 	98	0
12290 	106	0
12294 	90	0
12298 	105	0
12302 	93	0
12306 	107	0
12310 	101	0
12314 	98	0
12318 	107	0
12322 	87	0
12326 	93	0
12330 	113	0
12334 	91	0
12338 	87	0
12342 	105	0
12346 	98	0
12350 	81	0
12354 	97	0
12358 	95	0
12362 	84	0
12366 	97	0
12370 	71	0
12374 	89	0
12378 	88	0
12382 	89	0
12386 	94	0
12390 	71	0
12394 	111	0
12398 	87	0
12402 	79	0
12406 	85	0
12410 	97	0
12414 	76	0
12418 	86	0
12422 	74	0
12426 	76	0
12430 	103	0
12434 	74	0
12438 	81	0
12442 	83	0
12446 	71	0
12450 	82	0
12454 	88	0
12458 	93	0
12462 	92	0
12466 	75	0
12470 	91	0
12474 	79	0
12478 	93	0
12482 	87	0
12486 	90	0
12490 	76	0
12494 	81	0
12498 	85	0
12502 	84	0
12506 	82	0
12510 	83	0
12514 	56	0
12518 	73	0
12522 	55	0
12526 	80	0
12530 	72	0
12534 	76	0
12538 	65	0
12542 	78	0
12546 	71	0
12550 	72	0
12554 	71	0
12558 	74	0
12562 	75	0
12566 	61	0
12570 	82	0
12574 	79	0
12578 	62	0
12582 	60	0
12586 	69	0
12590 	78	0
12594 	59	0
12598 	73	0
12602 	78	0
12606 	63	0
12610 	63	0
12614 	56	0
12618 	61	0
12622 	65	0
12626 	57	0
12630 	61	0
12634 	68	0
12638 	74	0
12642 	61	0
12646 	52	0
12650 	60	0
12654 	63	0
12658 	64	0
12662 	82	0
12666 	72	0
12670 	59	0
12674 	64	0
12678 	58	0
12682 	70	0
12686 	51	0
12690 	53	0
12694 	68	0
12698 	51	0
12702 	54	0
12706 	62	0
12710 	56	0
12714 	59	0
12718 	73	0
12722 	64	0
12726 	61	0
12730 	48	0
12734 	59	0
12738 	48	0
12742 	57	0
12746 	62	0
12750 	46	0
12754 	58	0
12758 	56	0
12762 	59	0
12766 	59	0
12770 	56	0
12774 	46	0
12778 	55	0
12782 	58	0
12786 	64	0
12790 	66	0
12794 	49	0
12798 	50	0
12802 	56	0
12806 	59	0
12810 	48	0
12814 	45	0
12818 	44	0
12822 	52	0
12826 	40	0
12830 	49	0
12834 	47	0
12838 	51	0
12842 	51	0
12846 	44	0
12850 	51	0
12854 	36	0
12858 	36	0
12862 	46	0
12866 	49	0
12870 	40	0
12874 	46	0
12878 	46	0
12882 	53	0
12886 	45	0
12890 	44	0
12894 	47	0
12898 	44	0
12902 	48	0
12906 	32	0
12910 	44	0
12914 	45	0
12918 	34	0
12922 	36	0
12926 	43	0
12930 	50	0
12934 	36	0
12938 	47	0
12942 	34	0
12946 	42	0
12950 	40	0
12954 	43	0
12958 	41	0
12962 	44	0
12966 	36	0
12970 	41	0
12974 	35	0
12978 	29	0
12982 	40	0
12986 	36	0
12990 	27	0
12994 	38	0
12998 	33	0
13002 	40	0
13006 	45	0
13010 	33	0
13014 	40	0
13018 	29	0
13022 	34	0
13026 	37	0
13030 	27	0
13034 	37	0
13038 	18	0
13042 	37	0
13046 	34	0
13050 	38	0
13054 	40	0
13058 	44	0
13062 	26	0
13066 	33	0
13070 	28	0
13074 	36	0
13078 	37	0
13082 	46	0
13086 	39	0
13090 	30	0
13094 	29	0
13098 	43	0
13102 	21	0
13106 	34	0
13110 	31	0
13114 	36	0
13118 	23	0
13122 	20	0
13126 	33	0
13130 	36	0
13134 	31	0
13138 	29	0
13142 	26	0
13146 	37	0
13150 	39	0
13154 	40	0
13158 	34	0
13162 	28	0
13166 	38	0
13170 	22	0
13174 	27	0
13178 	27	0
13182 	23	0
13186 	33	0
13190 	42	0
13194 	44	0
13198 	25	0
13202 	37	0
13206 	34	0
13210 	23	0
13214 	26	0
13218 	27	0
13222 	41	0
13226 	30	0
13230 	23	0
13234 	29	0
13238 	29	0
13242 	24	0
13246 	25	0
13250 	27	0
13254 	25	0
13258 	34	0
13262 	38	0
13266 	19	0
13270 	29	0
13274 	28	0
13278 	27	0
13282 	27	0
13286 	31	0
13290 	22	0
13294 	26	0
13298 	26	0
13302 	24	0
13306 	23	0
13310 	22	0
13314 	19	0
13318 	23	0
13322 	22	0
13326 	23	0
13330 	19	0
13334 	27	0
13338 	25	0
13342 	24	0
13346 	28	0
13350 	18	0
13354 	29	0
13358 	21	0
13362 	23	0
13366 	15	0
13370 	18	0
13374 	18	0
13378 	25	0
13382 	23	0
13386 	22	0
13390 	32	0
13394 	26	0
13398 	10	0
13402 	22	0
13406 	22	0
13410 	16	0
13414 	20	0
13418 	20	0
13422 	22	0
13426 	23	0
13430 	14	0
13434 	14	0
13438 	12	0
13442 	19	0
13446 	22	0
13450 	20	0
13454 	14	0
13458 	24	0
13462 	27	0
13466 	11	0
13470 	16	0
13474 	19	0
13478 	19	0
13482 	17	0
13486 	15	0
13490 	19	0
13494 	21	0
13498 	16	0
13502 	11	0
13506 	16	0
13510 	21	0
13514 	18	0
13518 	17	0
13522 	21	0
13526 	15	0
13530 	11	0
13534 	17	0
13538 	11	0
13542 	14	0
13546 	17	0
13550 	17	0
13554 	14	0
13558 	10	0
13562 	18	0
13566 	19	0
13570 	12	0
13574 	15	0
13578 	10	0
13582 	14	0
13586 	13	0
13590 	13	0
13594 	18	0
13598 	10	0
13602 	18	0
13606 	13	0
13610 	12	0
13614 	10	0
13618 	14	0
13622 	8	0
13626 	17	0
13630 	11	0
13634 	18	0
13638 	18	0
13642 	13	0
13646 	9	0
13650 	18	0
13654 	13	0
13658 	14	0
13662 	9	0
13666 	13	0
13670 	19	0
13674 	15	0
13678 	14	0
13682 	16	0
13686 	12	0
13690 	4	0
13694 	11	0
13698 	8	0
13702 	9	0
13706 	16	0
13710 	9	0
13714 	12	0
13718 	10	0
13722 	17	0
13726 	11	0
13730 	13	0
13734 	18	0
13738 	13	0
13742 	12	0
13746 	14	0
13750 	8	0
13754 	14	0
13758 	9	0
13762 	11	0
13766 	10	0
13770 	7	0
13774 	11	0
13778 	7	0
13782 	9	0
13786 	6	0
13790 	9	0
13794 	7	0
13798 	5	0
13802 	11	0
13806 	10	0
13810 	5	0
13814 	12	0
13818 	6	0
13822 	8	0
13826 	12	0
13830 	13	0
13834 	12	0
13838 	8	0
13842 	7	0
13846 	8	0
13850 	6	0
13854 	14	0
13858 	6	0
13862 	6	0
13866 	12	0
13870 	14	0
13874 	9	0
13878 	9	0
13882 	5	0
13886 	9	0
13890 	7	0
13894 	7	0
13898 	5	0
13902 	5	0
13906 	7	0
13910 	6	0
13914 	7	0
13918 	5	0
13922 	5	0
13926 	9	0
13930 	9	0
13934 	10	0
13938 	10	0
13942 	2	0
13946 	3	0
13950 	6	0
13954 	8	0
13958 	11	0
13962 	10	0
13966 	6	0
13970 	7	0
13974 	4	0
13978 	6	0
13982 	8	0
13986 	10	0
13990 	4	0
13994 	10	0
13998 	10	0
14002 	7	0
14006 	7	0
14010 	8	0
14014 	6	0
14018 	4	0
14022 	7	0
14026 	4	0
14030 	7	0
14034 	5	0
14038 	3	0
14042 	8	0
14046 	6	0
14050 	4	0
14054 	12	0
14058 	7	0
14062 	4	0
14066 	8	0
14070 	9	0
14074 	6	0
14078 	5	0
14082 	7	0
14086 	5	0
14090 	9	0
14094 	4	0
14098 	4	0
14102 	10	0
14106 	8	0
14110 	7	0
14114 	6	0
14118 	7	0
14122 	3	0
14126 	2	0
14130 	6	0
14134 	4	0
14138 	3	0
14142 	4	0
14146 	4	0
14150 	3	0
14154 	11	0
14158 	4	0
14162 	6	0
14166 	6	0
14170 	3	0
14174 	4	0
14178 	7	0
14182 	4	0
14186 	4	0
14190 	4	0
14194 	2	0
14198 	4	0
14202 	7	0
14206 	4	0
14210 	4	0
14214 	1	0
14218 	4	0
14222 	3	0
14226 	3	0
14230 	4	0
14234 	4	0
14238 	4	0
14242 	1	0
14246 	3	0
14250 	5	0
14254 	5	0
14258 	4	0
14262 	5	0
14266 	2	0
14270 	4	0
14274 	7	0
14278 	4	0
14282 	2	0
14286 	5	0
14290 	6	0
14294 	1	0
14298 	5	0
14302 	3	0
14306 	2	0
14310 	5	0
14314 	1	0
14318 	2	0
14322 	2	0
14326 	6	0
14330 	3	0
14334 	1	0
14338 	4	0
14342 	1	0
14346 	4	0
14350 	9	0
14354 	5	0
14358 	3	0
14362 	0	0
14366 	1	0
14370 	1	0
14374 	2	0
14378 	4	0
14382 	2	0
14386 	5	0
14390 	7	0
14394 	3	0
14398 	1	0
14402 	5	0
14406 	3	0
14410 	4	0
14414 	1	0
14418 	2	0
14422 	5	0
14426 	4	0
14430 	4	0
14434 	1	0
14438 	2	0
14442 	7	0
14446 	3	0
14450 	1	0
14454 	4	0
14458 	2	0
14462 	3	0
14466 	5	0
14470 	4	0
14474 	1	0
14478 	0	0
14482 	6	0
14486 	3	0
14490 	0	0
14494 	6	0
14498 	3	0
14502 	2	0
14506 	4	0
14510 	4	0
14514 	1	0
14518 	3	0
14522 	2	0
14526 	1	0
14530 	1	0
14534 	2	0
14538 	2	0
14542 	4	0
14546 	2	0
14550 	2	0
14554 	2	0
14558 	1	0
14562 	4	0
14566 	1	0
14570 	2	0
14574 	2	0
14578 	4	0
14582 	1	0
14586 	2	0
14590 	3	0
14594 	3	0
14598 	3	0
14602 	2	0
14606 	3	0
14610 	3	0
14614 	1	0
14618 	2	0
14622 	2	0
14626 	1	0
14630 	1	0
14634 	0	0
14638 	2	0
14642 	2	0
14646 	3	0
14650 	3	0
14654 	1	0
14658 	3	0
14662 	4	0
14666 	3	0
14670 	4	0
14674 	2	0
14678 	2	0
14682 	2	0
14686 	1	0
14690 	2	0
14694 	1	0
14698 	1	0
14702 	1	0
14706 	0	0
14710 	3	0
14714 	3	0
14718 	2	0
14722 	1	0
14726 	2	0
14730 	2	0
14734 	3	0
14738 	1	0
14742 	0	0
14746 	2	0
14750 	4	0
14754 	1	0
14758 	2	0
14762 	2	0
14766 	4	0
14770 	2	0
14774 	0	0
14778 	2	0
14782 	3	0
14786 	0	0
14790 	0	0
14794 	3	0
14798 	0	0
14802 	3	0
14806 	3	0
14810 	2	0
14814 	0	0
14818 	4	0
14822 	0	0
14826 	0	0
14830 	0	0
14834 	1	0
14838 	0	0
14842 	1	0
14846 	0	0
14850 	1	0
14854 	2	0
14858 	1	0
14862 	1	0
14866 	3	0
14870 	1	0
14874 	3	0
14878 	0	0
14882 	0	0
14886 	0	0
14890 	1	0
14894 	2	0
14898 	2	0
14902 	1	0
14906 	2	0
14910 	1	0
14914 	1	0
14918 	0	0
14922 	1	0
14926 	1	0
14930 	0	0
14934 	0	0
14938 	2	0
14942 	0	0
14946 	1	0
14950 	1	0
14954 	0	0
14958 	0	0
14962 	2	0
14966 	0	0
14970 	1	0
14974 	0	0
14978 	1	0
14982 	0	0
14986 	1	0
14990 	1	0
14994 	0	0
14998 	1	0
15002 	2	0
15006 	1	0
15010 	0	0
15014 	0	0
15018 	1	0
15022 	5	0
15026 	1	0
15030 	0	0
15034 	0	0
15038 	1	0
15042 	1	0
15046 	2	0
15050 	0	0
15054 	0	0
15058 	2	0
15062 	2	0
15066 	2	0
15070 	1	0
15074 	2	0
15078 	0	0
15082 	1	0
15086 	0	0
15090 	0	0
15094 	0	0
15098 	0	0
15102 	0	0
15106 	0	0
15110 	0	0
15114 	0	0
15118 	0	0
15122 	0	0
15126 	3	0
15130 	1	0
15134 	0	0
15138 	1	0
15142 	0	0
15146 	0	0
15150 	1	0
15154 	0	0
15158 	1	0
15162 	0	0
15166 	1	0
15170 	0	0
15174 	1	0
15178 	1	0
15182 	1	0
15186 	0	0
15190 	0	0
15194 	0	0
15198 	0	0
15202 	1	0
15206 	1	0
15210 	2	0
15214 	1	0
15218 	0	0
15222 	0	0
15226 	0	0
15230 	1	0
15234 	1	0
15238 	1	0
15242 	0	0
15246 	1	0
15250 	0	0
15254 	1	0
15258 	0	0
15262 	0	0
15266 	0	0
15270 	1	0
15274 	0	0
15278 	0	0
15282 	1	0
15286 	1	0
15290 	0	0
15294 	0	0
15298 	0	0
15302 	0	0
15306 	1	0
15310 	0	0
15314 	0	0
15318 	0	0
15322 	0	0
15326 	0	0
15330 	0	0
15334 	0	0
15338 	1	0
15342 	0	0
15346 	0	0
15350 	0	0
15354 	1	0
15358 	1	0
15362 	0	0
15366 	0	0
15370 	1	0
15374 	1	0
15378 	2	0
15382 	0	0
15386 	1	0
15390 	0	0
15394 	0	0
15398 	0	0
15402 	0	0
15406 	1	0
15410 	0	0
15414 	1	0
15418 	2	0
15422 	0	0
15426 	0	0
15430 	1	0
15434 	1	0
15438 	0	0
15442 	0	0
15446 	0	0
15450 	0	0
15454 	1	0
15458 	1	0
15462 	0	0
15466 	0	0
15470 	0	0
15474 	0	0
15478 	0	0
15482 	0	0
15486 	0	0
15490 	0	0
15494 	0	0
15498 	1	0
15502 	0	0
15506 	0	0
15510 	0	0
15514 	1	0
15518 	0	0
15522 	0	0
15526 	0	0
15530 	0	0
15534 	0	0
15538 	0	0
15542 	1	0
15546 	0	0
15550 	0	0
15554 	0	0
15558 	0	0
15562 	0	0
15566 	0	0
15570 	0	0
15574 	0	0
15578 	1	0
15582 	0	0
15586 	0	0
15590 	0	0
15594 	0	0
15598 	1	0
15602 	0	0
15606 	0	0
15610 	0	0
15614 	0	0
15618 	1	0
15622 	0	0
15626 	0	0
15630 	0	0
15634 	1	0
15638 	0	0
15642 	0	0
15646 	0	0
15650 	0	0
15654 	1	0
15658 	0	0
15662 	0	0
15666 	0	0
15670 	0	0
15674 	1	0
15678 	0	0
15682 	1	0
15686 	0	0
15690 	0	0
15694 	0	0
15698 	0	0
15702 	0	0
15706 	0	0
15710 	0	0
15714 	0	0
15718 	0	0
15722 	0	0
15726 	0	0
15730 	0	0
15734 	0	0
15738 	0	0
15742 	0	0
15746 	0	0
15750 	0	0
15754 	0	0
15758 	0	0
15762 	0	0
15766 	0	0
15770 	0	0
15774 	0	0
15778 	0	0
15782 	0	0
15786 	0	0
15790 	0	0
15794 	0	0
15798 	0	0
15802 	0	0
15806 	0	0
15810 	1	0
15814 	0	0
15818 	0	0
15822 	0	0
15826 	0	0
15830 	0	0
15834 	0	0
15838 	0	0
15842 	0	0
15846 	0	0
15850 	0	0
15854 	0	0
15858 	0	0
15862 	0	0
15866 	0	0
15870 	0	0
15874 	0	0
15878 	0	0
15882 	0	0
15886 	1	0
15890 	0	0
15894 	0	0
15898 	0	0
15902 	0	0
15906 	0	0
15910 	0	0
15914 	0	0
15918 	1	0
15922 	0	0
15926 	0	0
15930 	0	0
15934 	0	0
15938 	0	0
15942 	0	0
15946 	0	0
15950 	0	0
15954 	0	0
15958 	0	0
15962 	0	0
15966 	0	0
15970 	0	0
15974 	0	0
15978 	0	0
15982 	0	0
15986 	0	0
15990 	2	0
15994 	0	0
15998 	0	0
16002 	0	0
16006 	0	0
16010 	0	0
16014 	1	0
16018 	0	0
16022 	0	0
16026 	1	0
16030 	0	0
16034 	1	0
16038 	0	0
16042 	0	0
16046 	0	0
16050 	0	0
16054 	0	0
16058 	0	0
16062 	0	0
16066 	0	0
16070 	0	0
16074 	0	0
16078 	0	0
16082 	0	0
16086 	0	0
16090 	0	0
16094 	0	0
16098 	0	0
16102 	0	0
16106 	0	0
16110 	0	0
16114 	1	0
16118 	0	0
16122 	0	0
16126 	0	0
16130 	0	0
16134 	0	0
16138 	0	0
16142 	0	0
16146 	0	0
16150 	0	0
16154 	0	0
16158 	0	0
16162 	0	0
16166 	0	0
16170 	0	0
16174 	0	0
16178 	0	0
16182 	0	0
16186 	0	0
16190 	0	0
16194 	0	0
16198 	0	0
16202 	0	0
16206 	0	0
16210 	0	0
16214 	0	0
16218 	0	0
16222 	0	0
16226 	0	0
16230 	0	0
16234 	0	0
16238 	0	0
16242 	0	0
16246 	0	0
16250 	0	0
16254 	0	0
16258 	0	0
16262 	0	0
16266 	0	0
16270 	0	0
16274 	0	0
16278 	0	0
16282 	0	0
